Id,Symbol,ScientificName,CommonName,Group,Durations,GrowthHabits
14459,CHLA2,<i>Cheilanthes lanosa</i> (Michx.) D.C. Eaton,hairy lipfern,Fern,['Perennial'],['Forb/herb']
14357,ADPE,<i>Adiantum pedatum</i> L.,northern maidenhair,Fern,['Perennial'],['Forb/herb']
13080,ASPL,"<i>Asplenium platyneuron</i> (L.) Britton, Sterns & Poggenb.",ebony spleenwort,Fern,['Perennial'],['Forb/herb']
13404,ATFI,<i>Athyrium filix-femina</i> (L.) Roth,common ladyfern,Fern,['Perennial'],['Forb/herb']
13412,ATFIA2,<i>Athyrium filix-femina</i> (L.) Roth ssp. <i>asplenioides</i> (Michx.) Hultén,asplenium ladyfern,Fern,['Perennial'],['Forb/herb']
12926,BOVI,<i>Botrychium virginianum</i> (L.) Sw.,rattlesnake fern,Fern,['Perennial'],['Forb/herb']
14477,CHTO2,<i>Cheilanthes tomentosa</i> Link,woolly lipfern,Fern,['Perennial'],['Forb/herb']
13296,DEPU2,<i>Dennstaedtia punctilobula</i> (Michx.) T. Moore,eastern hayscented fern,Fern,['Perennial'],['Forb/herb']
13568,DRCE,"<i>Dryopteris celsa</i> (Wm. Palmer) Knowlt., Palmer & Pollard ex Small",log fern,Fern,['Perennial'],['Forb/herb']
13578,DRCR4,<i>Dryopteris cristata</i> (L.) A. Gray,crested woodfern,Fern,['Perennial'],['Forb/herb']
13597,DRIN5,<i>Dryopteris intermedia</i> (Muhl. ex Willd.) A. Gray,intermediate woodfern,Fern,['Perennial'],['Forb/herb']
13605,DRMA4,<i>Dryopteris marginalis</i> (L.) A. Gray,marginal woodfern,Fern,['Perennial'],['Forb/herb']
13562,DRCA11,<i>Dryopteris carthusiana</i> (Vill.) H.P. Fuchs,spinulose woodfern,Fern,['Perennial'],['Forb/herb']
14155,LYPA3,<i>Lygodium palmatum</i> (Bernh.) Sw.,American climbing fern,Fern,['Perennial'],"['Forb/herb', 'Vine']"
14160,OSCI,<i>Osmunda cinnamomea</i> L.,cinnamon fern,Fern,['Perennial'],['Forb/herb']
14166,OSCL2,<i>Osmunda claytoniana</i> L.,interrupted fern,Fern,['Perennial'],['Forb/herb']
14167,OSRE,<i>Osmunda regalis</i> L.,royal fern,Fern,['Perennial'],['Forb/herb']
14559,PEAT2,<i>Pellaea atropurpurea</i> (L.) Link,purple cliffbrake,Fern,['Perennial'],['Forb/herb']
14320,POVI7,<i>Polypodium virginianum</i> L.,rock polypody,Fern,['Perennial'],['Forb/herb']
13787,POAC4,<i>Polystichum acrostichoides</i> (Michx.) Schott,Christmas fern,Fern,['Perennial'],['Forb/herb']
13351,PTAQ,<i>Pteridium aquilinum</i> (L.) Kuhn,western brackenfern,Fern,['Perennial'],['Forb/herb']
14837,THNO,<i>Thelypteris noveboracensis</i> (L.) Nieuwl.,New York fern,Fern,['Perennial'],['Forb/herb']
14854,THPA,<i>Thelypteris palustris</i> Schott,eastern marsh fern,Fern,['Perennial'],['Forb/herb']
13778,ONSE,<i>Onoclea sensibilis</i> L.,sensitive fern,Fern,['Perennial'],['Forb/herb']
20153,AGHY,"<i>Agrostis hyemalis</i> (Walter) Britton, Sterns & Poggenb.",winter bentgrass,Monocot,['Perennial'],['Graminoid']
20180,AGPE,<i>Agrostis perennans</i> (Walter) Tuck.,upland bentgrass,Monocot,['Perennial'],['Graminoid']
20316,ANGE,<i>Andropogon gerardii</i> Vitman,big bluestem,Monocot,['Perennial'],['Graminoid']
20324,ANGL2,"<i>Andropogon glomeratus</i> (Walter) Britton, Sterns & Poggenb.",bushy bluestem,Monocot,['Perennial'],['Graminoid']
20367,ANVI2,<i>Andropogon virginicus</i> L.,broomsedge bluestem,Monocot,['Perennial'],['Graminoid']
23350,HIHIA,<i>Hierochloe hirta</i> (Schrank) Borbás ssp. <i>arctica</i> (J. Presl) G. Weim.,northern sweetgrass,Monocot,['Perennial'],['Graminoid']
20561,ARGI,<i>Arundinaria gigantea</i> (Walter) Muhl.,giant cane,Monocot,['Perennial'],"['Graminoid', 'Shrub', 'Subshrub']"
21603,DEFLF,<i>Deschampsia flexuosa</i> (L.) Trin. var. <i>flexuosa </i>,wavy hairgrass,Monocot,['Perennial'],['Graminoid']
20755,BODA2,<i>Bouteloua dactyloides</i> (Nutt.) J.T. Columbus,buffalograss,Monocot,['Perennial'],['Graminoid']
20816,BRER2,<i>Brachyelytrum erectum</i> (Schreb. ex Spreng.) P. Beauv.,bearded shorthusk,Monocot,['Perennial'],['Graminoid']
20903,BRCI2,<i>Bromus ciliatus</i> L.,fringed brome,Monocot,['Perennial'],['Graminoid']
20954,BRIN2,<i>Bromus inermis</i> Leyss.,smooth brome,Monocot,['Perennial'],['Graminoid']
21103,CACA4,<i>Calamagrostis canadensis</i> (Michx.) P. Beauv.,bluejoint,Monocot,['Perennial'],['Graminoid']
21127,CACO71,<i>Calamagrostis coarctata</i> Eaton,Nuttall's reedgrass,Monocot,['Perennial'],['Graminoid']
18129,CAAM8,<i>Carex amphibola</i> Steud.,eastern narrowleaf sedge,Monocot,['Perennial'],['Graminoid']
18150,CAAP5,<i>Carex appalachica</i> J. Webber & P.W. Ball,Appalachian sedge,Monocot,['Perennial'],['Graminoid']
18180,CAAT4,<i>Carex atlantica</i> L.H. Bailey,prickly bog sedge,Monocot,['Perennial'],['Graminoid']
18236,CABL,<i>Carex blanda</i> Dewey,eastern woodland sedge,Monocot,['Perennial'],['Graminoid']
18297,CACE,<i>Carex cephalophora</i> Muhl. ex Willd.,oval-leaf sedge,Monocot,['Perennial'],['Graminoid']
18321,CACO8,<i>Carex comosa</i> Boott,longhair sedge,Monocot,['Perennial'],['Graminoid']
18330,CACR6,<i>Carex crinita</i> Lam.,fringed sedge,Monocot,['Perennial'],['Graminoid']
18354,CADE5,<i>Carex debilis</i> Michx.,white edge sedge,Monocot,['Perennial'],['Graminoid']
18467,CAFR3,<i>Carex frankii</i> Kunth,Frank's sedge,Monocot,['Perennial'],['Graminoid']
18452,CAFL3,<i>Carex flaccosperma</i> Dewey,thinfruit sedge,Monocot,['Perennial'],['Graminoid']
18494,CAGR2,<i>Carex gracillima</i> Schwein.,graceful sedge,Monocot,['Perennial'],['Graminoid']
18499,CAGR3,<i>Carex granularis</i> Muhl. ex Willd.,limestone meadow sedge,Monocot,['Perennial'],['Graminoid']
17314,CAIN12,<i>Carex intumescens</i> Rudge,greater bladder sedge,Monocot,['Perennial'],['Graminoid']
17455,CALU4,<i>Carex lupulina</i> Muhl. ex Willd.,hop sedge,Monocot,['Perennial'],['Graminoid']
17458,CALU5,<i>Carex lurida</i> Wahlenb.,shallow sedge,Monocot,['Perennial'],['Graminoid']
17576,CANO,<i>Carex normalis</i> Mack.,greater straw sedge,Monocot,['Perennial'],['Graminoid']
17676,CAPE6,<i>Carex pensylvanica</i> Lam.,Pennsylvania sedge,Monocot,['Perennial'],['Graminoid']
17706,CAPL4,<i>Carex plantaginea</i> Lam.,plantainleaf sedge,Monocot,['Perennial'],['Graminoid']
17718,CAPR12,<i>Carex prasina</i> Wahlenb.,drooping sedge,Monocot,['Perennial'],['Graminoid']
17749,CARA8,<i>Carex radiata</i> (Wahlenb.) Small,eastern star sedge,Monocot,['Perennial'],['Graminoid']
17767,CARO22,<i>Carex rosea</i> Schkuhr ex Willd.,rosy sedge,Monocot,['Perennial'],['Graminoid']
17826,CASC11,<i>Carex scoparia</i> Schkuhr ex Willd.,broom sedge,Monocot,['Perennial'],['Graminoid']
17859,CASH2,<i>Carex shortiana</i> Dewey,Short's sedge,Monocot,['Perennial'],['Graminoid']
17885,CASQ2,<i>Carex squarrosa</i> L.,squarrose sedge,Monocot,['Perennial'],['Graminoid']
17903,CAST5,<i>Carex stipata</i> Muhl. ex Willd.,awlfruit sedge,Monocot,['Perennial'],['Graminoid']
17921,CAST8,<i>Carex stricta</i> Lam.,upright sedge,Monocot,['Perennial'],['Graminoid']
17948,CASW,<i>Carex swanii</i> (Fernald) Mack.,Swan's sedge,Monocot,['Perennial'],['Graminoid']
17981,CATO4,<i>Carex torta</i> Boott ex Tuck.,twisted sedge,Monocot,['Perennial'],['Graminoid']
17988,CATR7,<i>Carex tribuloides</i> Wahlenb.,blunt broom sedge,Monocot,['Perennial'],['Graminoid']
18058,CAVU2,<i>Carex vulpinoidea</i> Michx.,fox sedge,Monocot,['Perennial'],['Graminoid']
21302,CHLA5,<i>Chasmanthium latifolium</i> (Michx.) Yates,Indian woodoats,Monocot,['Perennial'],['Graminoid']
21304,CHLA6,<i>Chasmanthium laxum</i> (L.) Yates,slender woodoats,Monocot,['Perennial'],['Graminoid']
21368,CIAR2,<i>Cinna arundinacea</i> L.,sweet woodreed,Monocot,['Perennial'],['Graminoid']
24236,PAAN,<i>Panicum anceps</i> Michx.,beaked panicgrass,Monocot,['Perennial'],['Graminoid']
18590,CYES,<i>Cyperus esculentus</i> L.,yellow nutsedge,Monocot,['Perennial'],['Graminoid']
18714,CYOD,<i>Cyperus odoratus</i> L.,fragrant flatsedge,Monocot,"['Annual', 'Perennial']",['Graminoid']
18835,CYST,<i>Cyperus strigosus</i> L.,strawcolored flatsedge,Monocot,['Perennial'],['Graminoid']
21508,DACO,<i>Danthonia compressa</i> Austin,flattened oatgrass,Monocot,['Perennial'],['Graminoid']
21519,DASE2,<i>Danthonia sericea</i> Nutt.,downy danthonia,Monocot,['Perennial'],['Graminoid']
21520,DASP2,<i>Danthonia spicata</i> (L.) P. Beauv. ex Roem. & Schult.,poverty oatgrass,Monocot,['Perennial'],['Graminoid']
21602,DEFL,<i>Deschampsia flexuosa</i> (L.) Trin.,wavy hairgrass,Monocot,['Perennial'],['Graminoid']
21710,DICL,<i>Dichanthelium clandestinum</i> (L.) Gould,deertongue,Monocot,['Perennial'],['Graminoid']
21712,DICO2,<i>Dichanthelium commutatum</i> (Schult.) Gould,variable panicgrass,Monocot,['Perennial'],['Graminoid']
18864,DUAR3,<i>Dulichium arundinaceum</i> (L.) Britton,three-way sedge,Monocot,['Perennial'],['Graminoid']
18868,ELAC,<i>Eleocharis acicularis</i> (L.) Roem. & Schult.,needle spikerush,Monocot,"['Annual', 'Perennial']",['Graminoid']
19007,ELOB2,<i>Eleocharis obtusa</i> (Willd.) Schult.,blunt spikerush,Monocot,"['Annual', 'Perennial']",['Graminoid']
19059,ELQU,<i>Eleocharis quadrangulata</i> (Michx.) Roem. & Schult.,squarestem spikerush,Monocot,['Perennial'],['Graminoid']
22394,ELCA4,<i>Elymus canadensis</i> L.,Canada wildrye,Monocot,['Perennial'],['Graminoid']
22465,ELHY,<i>Elymus hystrix</i> L.,eastern bottlebrush grass,Monocot,['Perennial'],['Graminoid']
22557,ELRI,<i>Elymus riparius</i> Wiegand,riverbank wildrye,Monocot,['Perennial'],['Graminoid']
22656,ELVI3,<i>Elymus virginicus</i> L.,Virginia wildrye,Monocot,['Perennial'],['Graminoid']
22734,ERCA,<i>Eragrostis capillaris</i> (L.) Nees,lace grass,Monocot,['Annual'],['Graminoid']
22864,ERSP,<i>Eragrostis spectabilis</i> (Pursh) Steud.,purple lovegrass,Monocot,['Perennial'],['Graminoid']
25363,SAGI,<i>Saccharum giganteum</i> (Walter) Pers.,sugarcane plumegrass,Monocot,['Perennial'],['Graminoid']
23137,FERU2,<i>Festuca rubra</i> L.,red fescue,Monocot,['Perennial'],['Graminoid']
23194,FESU3,<i>Festuca subverticillata</i> (Pers.) Alexeev,nodding fescue,Monocot,['Perennial'],['Graminoid']
23267,GLME2,<i>Glyceria melicaria</i> (Michx.) F.T. Hubbard,melic mannagrass,Monocot,['Perennial'],['Graminoid']
23276,GLST,<i>Glyceria striata</i> (Lam.) Hitchc.,fowl mannagrass,Monocot,['Perennial'],['Graminoid']
23359,HIOD,<i>Hierochloe odorata</i> (L.) P. Beauv.,sweetgrass,Monocot,['Perennial'],['Graminoid']
26541,JUAC,<i>Juncus acuminatus</i> Michx.,tapertip rush,Monocot,['Perennial'],['Graminoid']
26611,JUCA3,<i>Juncus canadensis</i> J. Gay ex Laharpe,Canadian rush,Monocot,['Perennial'],['Graminoid']
26634,JUDI,<i>Juncus dichotomus</i> Elliott,forked rush,Monocot,['Perennial'],['Graminoid']
26651,JUEF,<i>Juncus effusus</i> L.,common rush,Monocot,['Perennial'],['Graminoid']
26724,JUMA4,<i>Juncus marginatus</i> Rostk.,grassleaf rush,Monocot,['Perennial'],['Graminoid']
26783,JUSC,<i>Juncus scirpoides</i> Lam.,needlepod rush,Monocot,['Perennial'],['Graminoid']
26799,JUTE,<i>Juncus tenuis</i> Willd.,poverty rush,Monocot,['Perennial'],['Graminoid']
23605,LEOR,<i>Leersia oryzoides</i> (L.) Sw.,rice cutgrass,Monocot,['Perennial'],['Graminoid']
23608,LEVI2,<i>Leersia virginica</i> Willd.,whitegrass,Monocot,['Perennial'],['Graminoid']
23997,MUCA2,<i>Muhlenbergia capillaris</i> (Lam.) Trin.,hairawn muhly,Monocot,['Perennial'],['Graminoid']
24042,MUME2,<i>Muhlenbergia mexicana</i> (L.) Trin.,Mexican muhly,Monocot,['Perennial'],['Graminoid']
24262,PADI,<i>Panicum dichotomiflorum</i> Michx.,fall panicgrass,Monocot,['Annual'],['Graminoid']
24345,PARI4,<i>Panicum rigidulum</i> Bosc ex Nees,redtop panicgrass,Monocot,['Perennial'],['Graminoid']
24393,PAVI2,<i>Panicum virgatum</i> L.,switchgrass,Monocot,['Perennial'],['Graminoid']
24659,PHAR3,<i>Phalaris arundinacea</i> L.,reed canarygrass,Monocot,['Perennial'],['Graminoid']
24710,PHAU7,<i>Phragmites australis</i> (Cav.) Trin. ex Steud.,common reed,Monocot,['Perennial'],"['Graminoid', 'Shrub', 'Subshrub']"
25028,POPR,<i>Poa pratensis</i> L.,Kentucky bluegrass,Monocot,['Perennial'],['Graminoid']
25340,SAAL21,<i>Saccharum alopecuroides</i> (L.) Nutt.,silver plumegrass,Monocot,['Perennial'],['Graminoid']
25478,SCSC,<i>Schizachyrium scoparium</i> (Michx.) Nash,little bluestem,Monocot,['Perennial'],['Graminoid']
19652,SCPUP5,<i>Schoenoplectus pungens</i> (Vahl) Palla var. <i>pungens </i>,common threesquare,Monocot,['Perennial'],['Graminoid']
19669,SCTA2,<i>Schoenoplectus tabernaemontani</i> (C.C. Gmel.) Palla,softstem bulrush,Monocot,['Perennial'],['Graminoid']
19732,SCAT2,<i>Scirpus atrovirens</i> Willd.,green bulrush,Monocot,['Perennial'],['Graminoid']
19736,SCCY,<i>Scirpus cyperinus</i> (L.) Kunth,woolgrass,Monocot,['Perennial'],['Graminoid']
19768,SCPE4,<i>Scirpus pendulus</i> Muhl.,rufous bulrush,Monocot,['Perennial'],['Graminoid']
25695,SONU2,<i>Sorghastrum nutans</i> (L.) Nash,Indiangrass,Monocot,['Perennial'],['Graminoid']
26962,SPAM,<i>Sparganium americanum</i> Nutt.,American bur-reed,Monocot,['Perennial'],['Forb/herb']
25851,SPHE,<i>Sporobolus heterolepis</i> (A. Gray) A. Gray,prairie dropseed,Monocot,['Perennial'],['Graminoid']
26132,TRFL2,<i>Tridens flavus</i> (L.) Hitchc.,purpletop tridens,Monocot,['Perennial'],['Graminoid']
26161,TRDA3,<i>Tripsacum dactyloides</i> (L.) L.,eastern gamagrass,Monocot,['Perennial'],['Graminoid']
27001,TYLA,<i>Typha latifolia</i> L.,broadleaf cattail,Monocot,['Perennial'],['Forb/herb']
26483,ZIMI,<i>Zizaniopsis miliacea</i> (Michx.) Döll & Asch.,giant cutgrass,Monocot,['Perennial'],['Graminoid']
31206,ACMI2,<i>Achillea millefolium</i> L.,common yarrow,Dicot,['Perennial'],['Forb/herb']
16268,ACAM,<i>Acorus americanus</i> (Raf.) Raf.,sweetflag,Monocot,['Perennial'],['Forb/herb']
16271,ACCA4,<i>Acorus calamus</i> L.,calamus,Monocot,['Perennial'],['Forb/herb']
72484,ACPA,<i>Actaea pachypoda</i> Elliott,white baneberry,Dicot,['Perennial'],['Forb/herb']
72494,ACRAR,<i>Actaea racemosa</i> L. var. <i>racemosa </i>,black bugbane,Dicot,['Perennial'],['Forb/herb']
31339,AGAL5,<i>Ageratina altissima</i> (L.) R.M. King & H. Rob.,white snakeroot,Dicot,['Perennial'],['Forb/herb']
15744,ALSU,<i>Alisma subcordatum</i> Raf.,American water plantain,Monocot,['Perennial'],['Forb/herb']
27903,ALCE2,<i>Allium cernuum</i> Roth,nodding onion,Monocot,['Perennial'],['Forb/herb']
43228,AMTA2,<i>Amsonia tabernaemontana</i> Walter,eastern bluestar,Dicot,['Perennial'],['Forb/herb']
72538,ANLA,<i>Anemone lancifolia</i> Pursh,mountain thimbleweed,Dicot,['Perennial'],['Forb/herb']
72594,ANQU,<i>Anemone quinquefolia</i> L.,wood anemone,Dicot,['Perennial'],['Forb/herb']
31762,ANNE,<i>Antennaria neglecta</i> Greene,field pussytoes,Dicot,['Perennial'],['Forb/herb']
31814,ANPL,<i>Antennaria plantaginifolia</i> (L.) Richardson,woman's tobacco,Dicot,['Perennial'],['Forb/herb']
31911,ANVI13,<i>Antennaria virginica</i> Stebbins,shale barren pussytoes,Dicot,['Perennial'],['Forb/herb']
72621,AQCA,<i>Aquilegia canadensis</i> L.,red columbine,Dicot,['Perennial'],['Forb/herb']
16310,ARDR3,<i>Arisaema dracontium</i> (L.) Schott,green dragon,Monocot,['Perennial'],['Forb/herb']
16316,ARTR,<i>Arisaema triphyllum</i> (L.) Schott,Jack in the pulpit,Monocot,['Perennial'],['Forb/herb']
32298,ARLU,<i>Artemisia ludoviciana</i> Nutt.,white sagebrush,Dicot,['Perennial'],"['Forb/herb', 'Subshrub']"
88802,ARDI8,<i>Aruncus dioicus</i> (Walter) Fernald,bride's feathers,Dicot,['Perennial'],['Forb/herb']
71268,ASCA,<i>Asarum canadense</i> L.,Canadian wildginger,Dicot,['Perennial'],['Forb/herb']
43539,ASIN,<i>Asclepias incarnata</i> L.,swamp milkweed,Dicot,['Perennial'],['Forb/herb']
43580,ASQU,<i>Asclepias quadrifolia</i> Jacq.,fourleaf milkweed,Dicot,['Perennial'],['Forb/herb']
43599,ASSY,<i>Asclepias syriaca</i> L.,common milkweed,Dicot,['Perennial'],['Forb/herb']
43605,ASTU,<i>Asclepias tuberosa</i> L.,butterfly milkweed,Dicot,['Perennial'],['Forb/herb']
43619,ASVA,<i>Asclepias variegata</i> L.,redring milkweed,Dicot,['Perennial'],['Forb/herb']
43621,ASVE,<i>Asclepias verticillata</i> L.,whorled milkweed,Dicot,['Perennial'],['Forb/herb']
68486,HYHYH,<i>Hypericum hypericoides</i> (L.) Crantz ssp. <i>hypericoides </i>,St. Andrew's cross,Dicot,['Perennial'],"['Shrub', 'Subshrub']"
77136,ASCA11,<i>Astragalus canadensis</i> L.,Canadian milkvetch,Dicot,['Perennial'],['Forb/herb']
78033,BAAU,<i>Baptisia australis</i> (L.) R. Br.,blue wild indigo,Dicot,['Perennial'],['Forb/herb']
78085,BATI,<i>Baptisia tinctoria</i> (L.) R. Br.,horseflyweed,Dicot,['Perennial'],['Forb/herb']
32620,BIAR,<i>Bidens aristosa</i> (Michx.) Britton,bearded beggarticks,Dicot,"['Annual', 'Biennial']",['Forb/herb']
32652,BICE,<i>Bidens cernua</i> L.,nodding beggartick,Dicot,['Annual'],['Forb/herb']
32705,BIFR,<i>Bidens frondosa</i> L.,devil's beggartick,Dicot,['Annual'],['Forb/herb']
12726,SERU,<i>Selaginella rupestris</i> (L.) Spring,northern selaginella,Lycopod,['Perennial'],['Forb/herb']
72708,CAPA5,<i>Caltha palustris</i> L.,yellow marsh marigold,Dicot,['Perennial'],['Forb/herb']
78361,CHFA2,<i>Chamaecrista fasciculata</i> (Michx.) Greene,partridge pea,Dicot,['Annual'],['Forb/herb']
50704,CHGL2,<i>Chelone glabra</i> L.,white turtlehead,Dicot,['Perennial'],['Forb/herb']
33399,CHVI5,<i>Chrysogonum virginianum</i> L.,green and gold,Dicot,['Perennial'],['Forb/herb']
33436,CHMA14,<i>Chrysopsis mariana</i> (L.) Elliott,Maryland goldenaster,Dicot,['Perennial'],['Forb/herb']
72807,CLOC,<i>Clematis ochroleuca</i> Aiton,curlyheads,Dicot,['Perennial'],"['Forb/herb', 'Subshrub']"
78506,CLMA4,<i>Clitoria mariana</i> L.,Atlantic pigeonwings,Dicot,['Perennial'],"['Forb/herb', 'Vine']"
16911,COER,<i>Commelina erecta</i> L.,whitemouth dayflower,Monocot,['Perennial'],['Forb/herb']
33849,COCO13,<i>Conoclinium coelestinum</i> (L.) DC.,blue mistflower,Dicot,['Perennial'],['Forb/herb']
28406,COMA19,<i>Convallaria majuscula</i> Greene,American lily-of-the-valley,Monocot,['Perennial'],['Forb/herb']
33940,COLA5,<i>Coreopsis lanceolata</i> L.,lanceleaf tickseed,Dicot,['Perennial'],['Forb/herb']
33987,COTR4,<i>Coreopsis tripteris</i> L.,tall tickseed,Dicot,['Perennial'],['Forb/herb']
33992,COVE5,<i>Coreopsis verticillata</i> L.,whorled tickseed,Dicot,['Perennial'],['Forb/herb']
45660,CUOR,<i>Cunila origanoides</i> (L.) Britton,common dittany,Dicot,['Perennial'],"['Forb/herb', 'Subshrub']"
84380,DEVE,<i>Decodon verticillatus</i> (L.) Elliott,swamp loosestrife,Dicot,['Perennial'],"['Shrub', 'Subshrub']"
73087,DETR,<i>Delphinium tricorne</i> Michx.,dwarf larkspur,Dicot,['Perennial'],['Forb/herb']
79106,DEPA6,<i>Desmodium paniculatum</i> (L.) DC.,panicledleaf ticktrefoil,Dicot,['Perennial'],['Forb/herb']
71832,DICU,<i>Dicentra cucullaria</i> (L.) Bernh.,dutchman's breeches,Dicot,['Perennial'],['Forb/herb']
71836,DIEX,<i>Dicentra eximia</i> (Ker Gawl.) Torr.,turkey corn,Dicot,['Perennial'],['Forb/herb']
34298,DOUM2,<i>Doellingeria umbellata</i> (Mill.) Nees,parasol whitetop,Dicot,['Perennial'],['Forb/herb']
34475,ECPU,<i>Echinacea purpurea</i> (L.) Moench,eastern purple coneflower,Dicot,['Perennial'],['Forb/herb']
34506,ELCA3,<i>Elephantopus carolinianus</i> Raeusch.,Carolina elephantsfoot,Dicot,['Perennial'],['Forb/herb']
15884,ELCA7,<i>Elodea canadensis</i> Michx.,Canadian waterweed,Monocot,['Perennial'],['Forb/herb']
85932,EPCO,<i>Epilobium coloratum</i> Biehler,purpleleaf willowherb,Dicot,['Perennial'],['Forb/herb']
12212,EQAR,<i>Equisetum arvense</i> L.,field horsetail,Horsetail,['Perennial'],['Forb/herb']
12228,EQHY,<i>Equisetum hyemale</i> L.,scouringrush horsetail,Horsetail,['Perennial'],['Forb/herb']
35138,ERPH,<i>Erigeron philadelphicus</i> L.,Philadelphia fleabane,Dicot,"['Biennial', 'Perennial']",['Forb/herb']
35163,ERPU,<i>Erigeron pulchellus</i> Michx.,robin's plantain,Dicot,['Perennial'],['Forb/herb']
60308,ERAL5,<i>Eriogonum allenii</i> S. Watson,shale barren buckwheat,Dicot,['Perennial'],['Forb/herb']
74019,ERYU,<i>Eryngium yuccifolium</i> Michx.,button eryngo,Dicot,['Perennial'],['Forb/herb']
28499,ERAM5,<i>Erythronium americanum</i> Ker Gawl.,dogtooth violet,Monocot,['Perennial'],['Forb/herb']
35396,EUHY,<i>Eupatorium hyssopifolium</i> L.,hyssopleaf thoroughwort,Dicot,['Perennial'],['Forb/herb']
35415,EUPE3,<i>Eupatorium perfoliatum</i> L.,common boneset,Dicot,['Perennial'],['Forb/herb']
35438,EUSE3,<i>Eupatorium sessilifolium</i> L.,upland boneset,Dicot,['Perennial'],['Forb/herb']
76059,EUCO10,<i>Euphorbia corollata</i> L.,flowering spurge,Dicot,['Perennial'],['Forb/herb']
35469,EUDI16,<i>Eurybia divaricata</i> (L.) G.L. Nesom,white wood aster,Dicot,['Perennial'],['Forb/herb']
35511,EUMA27,<i>Eurybia macrophylla</i> (L.) Cass.,bigleaf aster,Dicot,['Perennial'],['Forb/herb']
35594,EUGR5,<i>Euthamia graminifolia</i> (L.) Nutt.,flat-top goldentop,Dicot,['Perennial'],['Forb/herb']
35639,EUFI14,<i>Eutrochium fistulosum</i> (Barratt) E.E. Lamont,trumpetweed,Dicot,['Perennial'],['Forb/herb']
35659,EUPU21,<i>Eutrochium purpureum</i> (L.) E.E. Lamont,sweetscented joe pye weed,Dicot,['Perennial'],['Forb/herb']
89751,FRVI,<i>Fragaria virginiana</i> Duchesne,Virginia strawberry,Dicot,['Perennial'],['Forb/herb']
44077,GECL,<i>Gentiana clausa</i> Raf.,bottle gentian,Dicot,['Perennial'],['Forb/herb']
83748,GEMA,<i>Geranium maculatum</i> L.,spotted geranium,Dicot,['Perennial'],['Forb/herb']
91870,WAFR,<i>Waldsteinia fragarioides</i> (Michx.) Tratt.,Appalachian barren strawberry,Dicot,['Perennial'],['Forb/herb']
89856,GITR6,<i>Gillenia trifoliata</i> (L.) Moench,Bowman's root,Dicot,['Perennial'],"['Forb/herb', 'Subshrub']"
36117,HEAU,<i>Helenium autumnale</i> L.,common sneezeweed,Dicot,['Perennial'],['Forb/herb']
36143,HEFL,<i>Helenium flexuosum</i> Raf.,purplehead sneezeweed,Dicot,['Perennial'],['Forb/herb']
36186,HEAN2,<i>Helianthus angustifolius</i> L.,swamp sunflower,Dicot,['Perennial'],['Forb/herb']
36212,HEDE,<i>Helianthus decapetalus</i> L.,thinleaf sunflower,Dicot,['Perennial'],['Forb/herb']
36227,HEDI2,<i>Helianthus divaricatus</i> L.,woodland sunflower,Dicot,['Perennial'],['Forb/herb']
36245,HEGR4,<i>Helianthus grosseserratus</i> M. Martens,sawtooth sunflower,Dicot,['Perennial'],['Forb/herb']
36265,HEMA2,<i>Helianthus maximiliani</i> Schrad.,Maximilian sunflower,Dicot,['Perennial'],['Forb/herb']
36339,HETU,<i>Helianthus tuberosus</i> L.,Jerusalem artichoke,Dicot,['Perennial'],['Forb/herb']
36349,HEHE5,<i>Heliopsis helianthoides</i> (L.) Sweet,smooth oxeye,Dicot,['Perennial'],['Forb/herb']
73127,HENOA,<i>Hepatica nobilis</i> Schreb. var. <i>acuta</i> (Pursh) Steyerm.,sharplobe hepatica,Dicot,['Perennial'],['Forb/herb']
73132,HENOO,<i>Hepatica nobilis</i> Schreb. var. <i>obtusa</i> (Pursh) Steyerm.,roundlobe hepatica,Dicot,['Perennial'],['Forb/herb']
73126,HENO2,<i>Hepatica nobilis</i> Schreb.,hepatica,Dicot,['Perennial'],['Forb/herb']
74048,HEMA80,<i>Heracleum maximum</i> W. Bartram,common cowparsnip,Dicot,['Perennial'],['Forb/herb']
91943,HEAM6,<i>Heuchera americana</i> L.,American alumroot,Dicot,['Perennial'],['Forb/herb']
92054,HEVI2,<i>Heuchera villosa</i> Michx.,hairy alumroot,Dicot,['Perennial'],['Forb/herb']
66037,HILA2,<i>Hibiscus laevis</i> All.,halberdleaf rosemallow,Dicot,['Perennial'],['Forb/herb']
66050,HIMO,<i>Hibiscus moscheutos</i> L.,crimsoneyed rosemallow,Dicot,"['Annual', 'Perennial']","['Forb/herb', 'Subshrub']"
48282,HOCA4,<i>Houstonia caerulea</i> L.,azure bluet,Dicot,['Perennial'],['Forb/herb']
48300,HOLO,<i>Houstonia longifolia</i> Gaertn.,longleaf summer bluet,Dicot,['Perennial'],['Forb/herb']
92324,SAMI5,<i>Saxifraga michauxii</i> Britton,Michaux's saxifrage,Dicot,['Perennial'],['Forb/herb']
87828,HYTE9,<i>Hylotelephium telephioides</i> (Michx.) H. Ohba,Allegheny stonecrop,Dicot,['Perennial'],['Forb/herb']
28744,HYHI2,<i>Hypoxis hirsuta</i> (L.) Coville,common goldstar,Monocot,['Perennial'],['Forb/herb']
83642,IMCA,<i>Impatiens capensis</i> Meerb.,jewelweed,Dicot,['Annual'],['Forb/herb']
83653,IMPA,<i>Impatiens pallida</i> Nutt.,pale touch-me-not,Dicot,['Annual'],['Forb/herb']
27431,IRCR,<i>Iris cristata</i> Aiton,dwarf crested iris,Monocot,['Perennial'],['Forb/herb']
27615,IRVE,<i>Iris verna</i> L.,dwarf violet iris,Monocot,['Perennial'],['Forb/herb']
27619,IRVE2,<i>Iris versicolor</i> L.,harlequin blueflag,Monocot,['Perennial'],['Forb/herb']
27620,IRVI,<i>Iris virginica</i> L.,Virginia iris,Monocot,['Perennial'],['Forb/herb']
72325,JEDI,<i>Jeffersonia diphylla</i> (L.) Pers.,twinleaf,Dicot,['Perennial'],['Forb/herb']
48923,JUAM,<i>Justicia americana</i> (L.) Vahl,American water-willow,Dicot,['Perennial'],['Forb/herb']
16464,LEMI3,<i>Lemna minor</i> L.,common duckweed,Monocot,['Perennial'],['Forb/herb']
79847,LECA8,<i>Lespedeza capitata</i> Michx.,roundhead lespedeza,Dicot,['Perennial'],['Forb/herb']
79866,LEHI2,<i>Lespedeza hirta</i> (L.) Hornem.,hairy lespedeza,Dicot,['Perennial'],['Forb/herb']
37426,LIPI7,<i>Liatris pilosa</i> (Aiton) Willd.,shaggy blazing star,Dicot,['Perennial'],['Forb/herb']
37426,LIPI7,<i>Liatris pilosa</i> (Aiton) Willd.,shaggy blazing star,Dicot,['Perennial'],['Forb/herb']
37462,LISP,<i>Liatris spicata</i> (L.) Willd.,dense blazing star,Dicot,['Perennial'],['Forb/herb']
37468,LISQ,<i>Liatris squarrosa</i> (L.) Michx.,scaly blazing star,Dicot,['Perennial'],['Forb/herb']
28769,LICA3,<i>Lilium canadense</i> L.,Canada lily,Monocot,['Perennial'],['Forb/herb']
28836,LISU,<i>Lilium superbum</i> L.,turk's-cap lily,Monocot,['Perennial'],['Forb/herb']
42478,LOCA2,<i>Lobelia cardinalis</i> L.,cardinalflower,Dicot,['Perennial'],['Forb/herb']
42561,LOSI,<i>Lobelia siphilitica</i> L.,great blue lobelia,Dicot,['Perennial'],['Forb/herb']
86072,LUAL2,<i>Ludwigia alternifolia</i> L.,seedbox,Dicot,['Perennial'],['Forb/herb']
80872,LUPE3,<i>Lupinus perennis</i> L.,sundial lupine,Dicot,['Perennial'],['Forb/herb']
45838,LYAM,<i>Lycopus americanus</i> Muhl. ex W.P.C. Barton,American water horehound,Dicot,['Perennial'],['Forb/herb']
45866,LYVI4,<i>Lycopus virginicus</i> L.,Virginia water horehound,Dicot,['Perennial'],['Forb/herb']
28891,MARAR,<i>Maianthemum racemosum</i> (L.) Link ssp. <i>racemosum </i>,feathery false lily of the valley,Monocot,['Perennial'],['Forb/herb']
27143,MAVI5,<i>Manfreda virginica</i> (L.) Salisb. ex Rose,false aloe,Monocot,['Perennial'],"['Forb/herb', 'Subshrub']"
45887,MEAR4,<i>Mentha arvensis</i> L.,wild mint,Dicot,['Perennial'],['Forb/herb']
45201,MEVI3,<i>Mertensia virginica</i> (L.) Pers. ex Link,Virginia bluebells,Dicot,['Perennial'],['Forb/herb']
92484,SAVI5,<i>Saxifraga virginiensis</i> Michx.,early saxifrage,Dicot,['Perennial'],['Forb/herb']
51235,MIAL2,<i>Mimulus alatus</i> Aiton,sharpwing monkeyflower,Dicot,['Perennial'],['Forb/herb']
51509,MIRI,<i>Mimulus ringens</i> L.,Allegheny monkeyflower,Dicot,['Perennial'],['Forb/herb']
45953,MODI,<i>Monarda didyma</i> L.,scarlet beebalm,Dicot,['Perennial'],['Forb/herb']
45955,MOFI,<i>Monarda fistulosa</i> L.,wild bergamot,Dicot,['Perennial'],"['Forb/herb', 'Subshrub']"
45971,MOME,<i>Monarda media</i> Willd.,purple bergamot,Dicot,['Perennial'],['Forb/herb']
45974,MOPU,<i>Monarda punctata</i> L.,spotted beebalm,Dicot,"['Annual', 'Biennial', 'Perennial']","['Forb/herb', 'Subshrub']"
71666,NULU,<i>Nuphar lutea</i> (L.) Sm.,yellow pond-lily,Dicot,['Perennial'],['Forb/herb']
71742,NYOD,<i>Nymphaea odorata</i> Aiton,American white waterlily,Dicot,['Perennial'],['Forb/herb']
86182,OEBI,<i>Oenothera biennis</i> L.,common evening primrose,Dicot,['Biennial'],['Forb/herb']
86339,OEFR,<i>Oenothera fruticosa</i> L.,narrowleaf evening primrose,Dicot,['Perennial'],['Forb/herb']
56850,OPHU,<i>Opuntia humifusa</i> (Raf.) Raf.,devil's-tongue,Dicot,['Perennial'],['Shrub']
16384,ORAQ,<i>Orontium aquaticum</i> L.,goldenclub,Monocot,['Perennial'],['Forb/herb']
75287,PAPR7,<i>Pachysandra procumbens</i> Michx.,Allegheny-spurge,Dicot,['Perennial'],"['Forb/herb', 'Subshrub']"
38300,PAAN6,<i>Packera anonyma</i> (Alph. Wood) W.A. Weber & Á. Löve,Small's ragwort,Dicot,['Perennial'],['Forb/herb']
38305,PAAU3,<i>Packera aurea</i> (L.) Á. Löve & D. Löve,golden ragwort,Dicot,['Perennial'],['Forb/herb']
38436,PAOB6,<i>Packera obovata</i> (Muhl. ex Willd.) W.A. Weber & Á. Löve,roundleaf ragwort,Dicot,['Perennial'],['Forb/herb']
57782,PAAR4,<i>Paronychia argyrocoma</i> (Michx.) Nutt.,silvery nailwort,Dicot,['Perennial'],['Forb/herb']
57792,PACA11,<i>Paronychia canadensis</i> (L.) Alph. Wood,smooth forked nailwort,Dicot,['Annual'],['Forb/herb']
16390,PEVI,<i>Peltandra virginica</i> (L.) Schott,green arrow arum,Monocot,['Perennial'],['Forb/herb']
51852,PECA8,<i>Penstemon canescens</i> (Britton) Britton,eastern gray beardtongue,Dicot,['Perennial'],['Forb/herb']
51926,PEDI,<i>Penstemon digitalis</i> Nutt. ex Sims,foxglove beardtongue,Dicot,['Perennial'],['Forb/herb']
52048,PEHI,<i>Penstemon hirsutus</i> (L.) Willd.,hairy beardtongue,Dicot,['Perennial'],['Forb/herb']
52088,PELA8,<i>Penstemon laevigatus</i> Aiton,eastern smooth beardtongue,Dicot,['Perennial'],['Forb/herb']
52182,PEPA7,<i>Penstemon pallidus</i> Small,pale beardtongue,Dicot,['Perennial'],['Forb/herb']
87864,PESE6,<i>Penthorum sedoides</i> L.,ditch stonecrop,Dicot,['Perennial'],['Forb/herb']
61592,POVI2,<i>Polygonum virginianum</i> L.,jumpseed,Dicot,"['Annual', 'Perennial']",['Forb/herb']
59981,PHTE18,<i>Phemeranthus teretifolius</i> (Pursh) Raf.,quill fameflower,Dicot,['Perennial'],"['Forb/herb', 'Subshrub']"
54581,PHBU,<i>Phlox buckleyi</i> Wherry,swordleaf phlox,Dicot,['Perennial'],['Forb/herb']
54583,PHCA19,<i>Phlox carolina</i> L.,thickleaf phlox,Dicot,['Perennial'],['Forb/herb']
54611,PHDI5,<i>Phlox divaricata</i> L.,wild blue phlox,Dicot,['Perennial'],['Forb/herb']
54638,PHGL4,<i>Phlox glaberrima</i> L.,smooth phlox,Dicot,['Perennial'],['Forb/herb']
54725,PHPA9,<i>Phlox paniculata</i> L.,fall phlox,Dicot,['Perennial'],['Forb/herb']
54789,PHST3,<i>Phlox stolonifera</i> Sims,creeping phlox,Dicot,['Perennial'],['Forb/herb']
54790,PHSU3,<i>Phlox subulata</i> L.,moss phlox,Dicot,['Perennial'],"['Forb/herb', 'Subshrub']"
46245,PHVI8,<i>Physostegia virginiana</i> (L.) Benth.,obedient plant,Dicot,['Perennial'],['Forb/herb']
72389,POPE,<i>Podophyllum peltatum</i> L.,mayapple,Dicot,['Perennial'],['Forb/herb']
54898,PORE2,<i>Polemonium reptans</i> L.,Greek valerian,Dicot,['Perennial'],"['Forb/herb', 'Subshrub']"
29031,POBI2,<i>Polygonatum biflorum</i> (Walter) Elliott,smooth Solomon's seal,Monocot,['Perennial'],['Forb/herb']
61205,POAM8,<i>Polygonum amphibium</i> L.,water knotweed,Dicot,['Perennial'],['Forb/herb']
61392,POHY2,<i>Polygonum hydropiperoides</i> Michx.,swamp smartweed,Dicot,['Perennial'],['Forb/herb']
61462,POPE2,<i>Polygonum pensylvanicum</i> L.,Pennsylvania smartweed,Dicot,['Annual'],['Forb/herb']
61516,POPU5,<i>Polygonum punctatum</i> Elliott,dotted smartweed,Dicot,"['Annual', 'Perennial']",['Forb/herb']
29532,POCO14,<i>Pontederia cordata</i> L.,pickerelweed,Monocot,['Perennial'],['Forb/herb']
16105,PONO2,<i>Potamogeton nodosus</i> Poir.,longleaf pondweed,Monocot,['Perennial'],['Forb/herb']
46300,PRVU,<i>Prunella vulgaris</i> L.,common selfheal,Dicot,['Perennial'],['Forb/herb']
46333,PYIN,<i>Pycnanthemum incanum</i> (L.) Michx.,hoary mountainmint,Dicot,['Perennial'],['Forb/herb']
46345,PYMU,<i>Pycnanthemum muticum</i> (Michx.) Pers.,clustered mountainmint,Dicot,['Perennial'],['Forb/herb']
46359,PYTE,<i>Pycnanthemum tenuifolium</i> Schrad.,narrowleaf mountainmint,Dicot,['Perennial'],['Forb/herb']
46373,PYVI,<i>Pycnanthemum virginianum</i> (L.) T. Dur. & B.D. Jacks. ex B.L. Rob. & Fernald,Virginia mountainmint,Dicot,['Perennial'],['Forb/herb']
73194,RAAB,<i>Ranunculus abortivus</i> L.,littleleaf buttercup,Dicot,"['Biennial', 'Perennial']",['Forb/herb']
73366,RAHI,<i>Ranunculus hispidus</i> Michx.,bristly buttercup,Dicot,['Perennial'],['Forb/herb']
84572,RHVI,<i>Rhexia virginica</i> L.,handsome Harry,Dicot,['Perennial'],['Forb/herb']
39449,RUFU2,<i>Rudbeckia fulgida</i> Aiton,orange coneflower,Dicot,['Perennial'],['Forb/herb']
39478,RUHI2,<i>Rudbeckia hirta</i> L.,blackeyed Susan,Dicot,"['Annual', 'Biennial', 'Perennial']",['Forb/herb']
39504,RULA3,<i>Rudbeckia laciniata</i> L.,cutleaf coneflower,Dicot,['Perennial'],"['Forb/herb', 'Subshrub']"
39530,RUTR2,<i>Rudbeckia triloba</i> L.,browneyed Susan,Dicot,['Perennial'],['Forb/herb']
49040,RUCA4,<i>Ruellia caroliniensis</i> (J.F. Gmel.) Steud.,Carolina wild petunia,Dicot,['Perennial'],['Forb/herb']
15829,SALA2,<i>Sagittaria latifolia</i> Willd.,broadleaf arrowhead,Monocot,['Perennial'],['Forb/herb']
46470,SALY2,<i>Salvia lyrata</i> L.,lyreleaf sage,Dicot,['Perennial'],['Forb/herb']
72090,SACA13,<i>Sanguinaria canadensis</i> L.,bloodroot,Dicot,['Perennial'],['Forb/herb']
72290,SACE,<i>Saururus cernuus</i> L.,lizard's tail,Dicot,['Perennial'],['Forb/herb']
46588,SCIN2,<i>Scutellaria integrifolia</i> L.,helmet flower,Dicot,['Perennial'],['Forb/herb']
87946,SEGL3,<i>Sedum glaucophyllum</i> R.T. Clausen,cliff stonecrop,Dicot,['Perennial'],['Forb/herb']
88052,SETE3,<i>Sedum ternatum</i> Michx.,woodland stonecrop,Dicot,['Perennial'],['Forb/herb']
82342,SEHE3,<i>Senna hebecarpa</i> (Fernald) Irwin & Barneby,American senna,Dicot,['Perennial'],['Forb/herb']
82366,SEMA11,<i>Senna marilandica</i> (L.) Link,Maryland senna,Dicot,['Perennial'],"['Forb/herb', 'Subshrub']"
91720,SITR3,<i>Sibbaldiopsis tridentata</i> (Aiton) Rydb.,shrubby fivefingers,Dicot,['Perennial'],"['Forb/herb', 'Subshrub']"
58049,SICA6,<i>Silene caroliniana</i> Walter,sticky catchfly,Dicot,['Perennial'],['Forb/herb']
58049,SICA6,<i>Silene caroliniana</i> Walter,sticky catchfly,Dicot,['Perennial'],['Forb/herb']
58258,SIST,<i>Silene stellata</i> (L.) W.T. Aiton,widowsfrill,Dicot,['Perennial'],['Forb/herb']
58330,SIVI4,<i>Silene virginica</i> L.,fire pink,Dicot,['Perennial'],['Forb/herb']
39867,SIPE2,<i>Silphium perfoliatum</i> L.,cup plant,Dicot,['Perennial'],['Forb/herb']
39887,SITR7,<i>Silphium trifoliatum</i> L.,whorled rosinweed,Dicot,['Perennial'],['Forb/herb']
27691,SIAN3,<i>Sisyrinchium angustifolium</i> Mill.,narrowleaf blue-eyed grass,Monocot,['Perennial'],['Forb/herb']
27760,SIMO2,<i>Sisyrinchium montanum</i> Greene,strict blue-eyed grass,Monocot,['Perennial'],['Forb/herb']
39957,SOCA6,<i>Solidago canadensis</i> L.,Canada goldenrod,Dicot,['Perennial'],['Forb/herb']
39948,SOBI,<i>Solidago bicolor</i> L.,white goldenrod,Dicot,['Perennial'],['Forb/herb']
39952,SOCA4,<i>Solidago caesia</i> L.,wreath goldenrod,Dicot,['Perennial'],['Forb/herb']
39995,SOFL2,<i>Solidago flexicaulis</i> L.,zigzag goldenrod,Dicot,['Perennial'],['Forb/herb']
39998,SOGI,<i>Solidago gigantea</i> Aiton,giant goldenrod,Dicot,['Perennial'],['Forb/herb']
40024,SOJU,<i>Solidago juncea</i> Aiton,early goldenrod,Dicot,['Perennial'],['Forb/herb']
40070,SONE,<i>Solidago nemoralis</i> Aiton,gray goldenrod,Dicot,['Perennial'],['Forb/herb']
40081,SOOD,<i>Solidago odora</i> Aiton,anisescented goldenrod,Dicot,['Perennial'],['Forb/herb']
40102,SOPI,<i>Solidago pinetorum</i> Small,Small's goldenrod,Dicot,['Perennial'],['Forb/herb']
40105,SOPU,<i>Solidago puberula</i> Nutt.,downy goldenrod,Dicot,['Perennial'],['Forb/herb']
40120,SORU2,<i>Solidago rugosa</i> Mill.,wrinkleleaf goldenrod,Dicot,['Perennial'],['Forb/herb']
40183,SOSP2,<i>Solidago speciosa</i> Nutt.,showy goldenrod,Dicot,['Perennial'],['Forb/herb']
30717,SPCE,<i>Spiranthes cernua</i> (L.) Rich.,nodding lady's tresses,Monocot,['Perennial'],['Forb/herb']
46776,STTE,<i>Stachys tenuifolia</i> Willd.,smooth hedgenettle,Dicot,['Perennial'],['Forb/herb']
40476,SYCO3,<i>Symphyotrichum concolor</i> (L.) G.L. Nesom,eastern silver aster,Dicot,['Perennial'],['Forb/herb']
40483,SYCO4,<i>Symphyotrichum cordifolium</i> (L.) G.L. Nesom,common blue wood aster,Dicot,['Perennial'],['Forb/herb']
40672,SYLA3,<i>Symphyotrichum laeve</i> (L.) Á. Löve & D. Löve,smooth blue aster,Dicot,['Perennial'],['Forb/herb']
40703,SYLAL7,<i>Symphyotrichum lateriflorum</i> (L.) Á. Löve & D. Löve var. <i>lateriflorum </i>,calico aster,Dicot,['Perennial'],['Forb/herb']
40770,SYNO2,<i>Symphyotrichum novae-angliae</i> (L.) G.L. Nesom,New England aster,Dicot,['Perennial'],['Forb/herb']
40782,SYNON,<i>Symphyotrichum novi-belgii</i> (L.) G.L. Nesom var. <i>novi-belgii </i>,New York aster,Dicot,['Perennial'],['Forb/herb']
40799,SYOB,<i>Symphyotrichum oblongifolium</i> (Nutt.) G.L. Nesom,aromatic aster,Dicot,['Perennial'],['Forb/herb']
40863,SYPIP3,<i>Symphyotrichum pilosum</i> (Willd.) G.L. Nesom var. <i>pilosum </i>,hairy white oldfield aster,Dicot,['Perennial'],['Forb/herb']
40911,SYPUP,<i>Symphyotrichum puniceum</i> (L.) Á. Löve & D. Löve var. <i>puniceum </i>,purplestem aster,Dicot,['Perennial'],"['Forb/herb', 'Subshrub']"
16426,SYFO,<i>Symplocarpus foetidus</i> (L.) Salisb. ex W.P.C. Barton,skunk cabbage,Monocot,['Perennial'],['Forb/herb']
41140,TAOF,<i>Taraxacum officinale</i> F.H. Wigg.,common dandelion,Dicot,['Perennial'],['Forb/herb']
46862,TECA3,<i>Teucrium canadense</i> L.,Canada germander,Dicot,['Perennial'],['Forb/herb']
73609,THDI,<i>Thalictrum dioicum</i> L.,early meadow-rue,Dicot,['Perennial'],['Forb/herb']
73633,THPU2,<i>Thalictrum pubescens</i> Pursh,king of the meadow,Dicot,['Perennial'],['Forb/herb']
73640,THRE,<i>Thalictrum revolutum</i> DC.,waxyleaf meadow-rue,Dicot,['Perennial'],['Forb/herb']
73649,THTH2,<i>Thalictrum thalictroides</i> (L.) Eames & B. Boivin,rue anemone,Dicot,['Perennial'],['Forb/herb']
92518,TICO,<i>Tiarella cordifolia</i> L.,heartleaf foamflower,Dicot,['Perennial'],['Forb/herb']
17027,TRVI,<i>Tradescantia virginiana</i> L.,Virginia spiderwort,Monocot,['Perennial'],['Forb/herb']
73664,TRCAC2,<i>Trautvetteria caroliniensis</i> (Walter) Vail var. <i>caroliniensis </i>,Carolina bugbane,Dicot,['Perennial'],['Forb/herb']
46917,TRDI2,<i>Trichostema dichotomum</i> L.,forked bluecurls,Dicot,['Annual'],['Forb/herb']
29217,TRGR4,<i>Trillium grandiflorum</i> (Michx.) Salisb.,white trillium,Monocot,['Perennial'],['Forb/herb']
15946,VAAM3,<i>Vallisneria americana</i> Michx.,American eelgrass,Monocot,['Perennial'],['Forb/herb']
47330,VEHA2,<i>Verbena hastata</i> L.,swamp verbena,Dicot,"['Biennial', 'Perennial']",['Forb/herb']
41717,VENO,<i>Vernonia noveboracensis</i> (L.) Michx.,New York ironweed,Dicot,['Perennial'],['Forb/herb']
52579,VEAM2,<i>Veronica americana</i> Schwein. ex Benth.,American speedwell,Dicot,['Perennial'],['Forb/herb']
69604,VICU,<i>Viola cucullata</i> Aiton,marsh blue violet,Dicot,['Perennial'],['Forb/herb']
69719,VIPE,<i>Viola pedata</i> L.,birdfoot violet,Dicot,['Perennial'],['Forb/herb']
69760,VIPU3,<i>Viola pubescens</i> Aiton,downy yellow violet,Dicot,['Perennial'],['Forb/herb']
69816,VISO,<i>Viola sororia</i> Willd.,common blue violet,Dicot,"['Annual', 'Perennial']",['Forb/herb']
69824,VIST3,<i>Viola striata</i> Aiton,striped cream violet,Dicot,['Perennial'],['Forb/herb']
27210,YUFI,<i>Yucca filamentosa</i> L.,Adam's needle,Monocot,['Perennial'],"['Forb/herb', 'Shrub', 'Subshrub']"
74665,ZIAU,<i>Zizia aurea</i> (L.) W.D.J. Koch,golden zizia,Dicot,['Perennial'],['Forb/herb']
92814,ACNE2,<i>Acer negundo</i> L.,boxelder,Dicot,['Perennial'],['Tree']
92846,ACRU,<i>Acer rubrum</i> L.,red maple,Dicot,['Perennial'],['Tree']
92860,ACSA2,<i>Acer saccharinum</i> L.,silver maple,Dicot,['Perennial'],['Tree']
92865,ACSA3,<i>Acer saccharum</i> Marshall,sugar maple,Dicot,['Perennial'],"['Shrub', 'Tree']"
93131,AEFL,<i>Aesculus flava</i> Aiton,yellow buckeye,Dicot,['Perennial'],"['Shrub', 'Tree']"
69950,BEAL2,<i>Betula alleghaniensis</i> Britton,yellow birch,Dicot,['Perennial'],['Tree']
69974,BELE,<i>Betula lenta</i> L.,sweet birch,Dicot,['Perennial'],['Tree']
69997,BENI,<i>Betula nigra</i> L.,river birch,Dicot,['Perennial'],['Tree']
70004,BEPA,<i>Betula papyrifera</i> Marshall,paper birch,Dicot,['Perennial'],['Tree']
70649,CATO6,<i>Carya tomentosa</i> (Lam.) Nutt.,mockernut hickory,Dicot,['Perennial'],['Tree']
70586,CACO15,<i>Carya cordiformis</i> (Wangenh.) K. Koch,bitternut hickory,Dicot,['Perennial'],['Tree']
70594,CAGL8,<i>Carya glabra</i> (Mill.) Sweet,pignut hickory,Dicot,['Perennial'],['Tree']
70608,CAIL2,<i>Carya illinoinensis</i> (Wangenh.) K. Koch,pecan,Dicot,['Perennial'],['Tree']
70622,CAOV2,<i>Carya ovata</i> (Mill.) K. Koch,shagbark hickory,Dicot,['Perennial'],['Tree']
49194,CASP8,<i>Catalpa speciosa</i> (Warder) Warder ex Engelm.,northern catalpa,Dicot,['Perennial'],['Tree']
70944,CEOC,<i>Celtis occidentalis</i> L.,common hackberry,Dicot,['Perennial'],"['Shrub', 'Tree']"
64536,DIVI5,<i>Diospyros virginiana</i> L.,common persimmon,Dicot,['Perennial'],['Tree']
70143,FAGR,<i>Fagus grandifolia</i> Ehrh.,American beech,Dicot,['Perennial'],['Tree']
49739,FRAM2,<i>Fraxinus americana</i> L.,white ash,Dicot,['Perennial'],['Tree']
49771,FRNI,<i>Fraxinus nigra</i> Marshall,black ash,Dicot,['Perennial'],['Tree']
49774,FRPE,<i>Fraxinus pennsylvanica</i> Marshall,green ash,Dicot,['Perennial'],['Tree']
79383,GLTR,<i>Gleditsia triacanthos</i> L.,honeylocust,Dicot,['Perennial'],"['Shrub', 'Tree']"
74958,ILOP,<i>Ilex opaca</i> Aiton,American holly,Dicot,['Perennial'],"['Shrub', 'Tree']"
70665,JUCI,<i>Juglans cinerea</i> L.,butternut,Dicot,['Perennial'],['Tree']
70684,JUNI,<i>Juglans nigra</i> L.,black walnut,Dicot,['Perennial'],['Tree']
15261,JUVI,<i>Juniperus virginiana</i> L.,eastern redcedar,Gymnosperm,['Perennial'],['Tree']
70557,LIST2,<i>Liquidambar styraciflua</i> L.,sweetgum,Dicot,['Perennial'],['Tree']
71551,LITU,<i>Liriodendron tulipifera</i> L.,tuliptree,Dicot,['Perennial'],['Tree']
71553,MAAC,<i>Magnolia acuminata</i> (L.) L.,cucumber tree,Dicot,['Perennial'],['Tree']
70892,MORU2,<i>Morus rubra</i> L.,red mulberry,Dicot,['Perennial'],['Tree']
75248,NYSY,<i>Nyssa sylvatica</i> Marshall,blackgum,Dicot,['Perennial'],['Tree']
65298,OXAR,<i>Oxydendrum arboreum</i> (L.) DC.,sourwood,Dicot,['Perennial'],"['Shrub', 'Tree']"
15448,PIEC2,<i>Pinus echinata</i> Mill.,shortleaf pine,Gymnosperm,['Perennial'],['Tree']
15545,PIPU5,<i>Pinus pungens</i> Lamb.,Table Mountain pine,Gymnosperm,['Perennial'],['Tree']
15556,PIRI,<i>Pinus rigida</i> Mill.,pitch pine,Gymnosperm,['Perennial'],['Tree']
15568,PIST,<i>Pinus strobus</i> L.,eastern white pine,Gymnosperm,['Perennial'],['Tree']
15576,PITA,<i>Pinus taeda</i> L.,loblolly pine,Gymnosperm,['Perennial'],['Tree']
15586,PIVI2,<i>Pinus virginiana</i> Mill.,Virginia pine,Gymnosperm,['Perennial'],['Tree']
70568,PLOC,<i>Platanus occidentalis</i> L.,American sycamore,Dicot,['Perennial'],['Tree']
67422,PODE3,<i>Populus deltoides</i> W. Bartram ex Marshall,eastern cottonwood,Dicot,['Perennial'],['Tree']
67466,POGR4,<i>Populus grandidentata</i> Michx.,bigtooth aspen,Dicot,['Perennial'],['Tree']
67496,POTR5,<i>Populus tremuloides</i> Michx.,quaking aspen,Dicot,['Perennial'],['Tree']
90650,PRSE2,<i>Prunus serotina</i> Ehrh.,black cherry,Dicot,['Perennial'],"['Shrub', 'Tree']"
70172,QUAL,<i>Quercus alba</i> L.,white oak,Dicot,['Perennial'],['Tree']
70193,QUBI,<i>Quercus bicolor</i> Willd.,swamp white oak,Dicot,['Perennial'],['Tree']
70219,QUCO2,<i>Quercus coccinea</i> Münchh.,scarlet oak,Dicot,['Perennial'],['Tree']
70250,QUFA,<i>Quercus falcata</i> Michx.,southern red oak,Dicot,['Perennial'],['Tree']
70379,QUMI,<i>Quercus michauxii</i> Nutt.,swamp chestnut oak,Dicot,['Perennial'],['Tree']
70412,QUPA2,<i>Quercus palustris</i> Münchh.,pin oak,Dicot,['Perennial'],['Tree']
70432,QUPH,<i>Quercus phellos</i> L.,willow oak,Dicot,['Perennial'],['Tree']
70387,QUMO4,<i>Quercus montana</i> Willd.,chestnut oak,Dicot,['Perennial'],['Tree']
70448,QURU,<i>Quercus rubra</i> L.,northern red oak,Dicot,['Perennial'],['Tree']
70488,QUST,<i>Quercus stellata</i> Wangenh.,post oak,Dicot,['Perennial'],['Tree']
70523,QUVE,<i>Quercus velutina</i> Lam.,black oak,Dicot,['Perennial'],['Tree']
82163,ROPS,<i>Robinia pseudoacacia</i> L.,black locust,Dicot,['Perennial'],['Tree']
68068,SANI,<i>Salix nigra</i> Marshall,black willow,Dicot,['Perennial'],['Tree']
71455,SAAL5,<i>Sassafras albidum</i> (Nutt.) Nees,sassafras,Dicot,['Perennial'],"['Shrub', 'Tree']"
66729,TIAM,<i>Tilia americana</i> L.,American basswood,Dicot,['Perennial'],['Tree']
15604,TSCA,<i>Tsuga canadensis</i> (L.) Carrière,eastern hemlock,Gymnosperm,['Perennial'],['Tree']
70987,ULAM,<i>Ulmus americana</i> L.,American elm,Dicot,['Perennial'],['Tree']
71006,ULRU,<i>Ulmus rubra</i> Muhl.,slippery elm,Dicot,['Perennial'],['Tree']
69928,ALSE2,<i>Alnus serrulata</i> (Aiton) Willd.,hazel alder,Dicot,['Perennial'],"['Shrub', 'Tree']"
76871,AMFR,<i>Amorpha fruticosa</i> L.,false indigo bush,Dicot,['Perennial'],['Shrub']
88768,ARAR7,<i>Aronia arbutifolia</i> (L.) Pers.,red chokeberry,Dicot,['Perennial'],['Shrub']
88782,ARME6,<i>Aronia melanocarpa</i> (Michx.) Elliott,black chokeberry,Dicot,['Perennial'],['Shrub']
71330,CAFL22,<i>Calycanthus floridus</i> L.,eastern sweetshrub,Dicot,['Perennial'],['Shrub']
49863,OSAM,<i>Osmanthus americanus</i> (L.) Benth. & Hook. f. ex A. Gray,devilwood,Dicot,['Perennial'],"['Shrub', 'Tree']"
87033,CEAM,<i>Ceanothus americanus</i> L.,New Jersey tea,Dicot,['Perennial'],"['Shrub', 'Subshrub']"
47594,CEOC2,<i>Cephalanthus occidentalis</i> L.,common buttonbush,Dicot,['Perennial'],"['Shrub', 'Tree']"
64788,CLAL3,<i>Clethra alnifolia</i> L.,coastal sweetpepperbush,Dicot,['Perennial'],['Shrub']
75152,COAM2,<i>Cornus amomum</i> Mill.,silky dogwood,Dicot,['Perennial'],['Shrub']
75196,CORA6,<i>Cornus racemosa</i> Lam.,gray dogwood,Dicot,['Perennial'],['Shrub']
70074,COAM3,<i>Corylus americana</i> Walter,American hazelnut,Dicot,['Perennial'],['Shrub']
70081,COCO6,<i>Corylus cornuta</i> Marshall,beaked hazelnut,Dicot,['Perennial'],"['Shrub', 'Tree']"
42692,DILO,<i>Diervilla lonicera</i> Mill.,northern bush honeysuckle,Dicot,['Perennial'],['Shrub']
65141,EURA14,<i>Eubotrys racemosus</i> (L.) Nutt.,swamp doghobble,Dicot,['Perennial'],['Shrub']
68275,SASE,<i>Salix sericea</i> Marshall,silky willow,Dicot,['Perennial'],"['Shrub', 'Tree']"
75018,EUAM9,<i>Euonymus americanus</i> L.,bursting-heart,Dicot,['Perennial'],"['Forb/herb', 'Subshrub']"
87257,FRCA13,<i>Frangula caroliniana</i> (Walter) A. Gray,Carolina buckthorn,Dicot,['Perennial'],"['Shrub', 'Tree']"
65159,GAPR2,<i>Gaultheria procumbens</i> L.,eastern teaberry,Dicot,['Perennial'],"['Shrub', 'Subshrub']"
65162,GABA,<i>Gaylussacia baccata</i> (Wangenh.) K. Koch,black huckleberry,Dicot,['Perennial'],['Shrub']
70550,HAVI4,<i>Hamamelis virginiana</i> L.,American witchhazel,Dicot,['Perennial'],"['Shrub', 'Tree']"
88398,HYAR,<i>Hydrangea arborescens</i> L.,wild hydrangea,Dicot,['Perennial'],['Shrub']
68451,HYDE,<i>Hypericum densiflorum</i> Pursh,bushy St. Johnswort,Dicot,['Perennial'],['Shrub']
68521,HYPR,<i>Hypericum prolificum</i> L.,shrubby St. Johnswort,Dicot,['Perennial'],"['Shrub', 'Subshrub']"
74925,ILDE,<i>Ilex decidua</i> Walter,possumhaw,Dicot,['Perennial'],"['Shrub', 'Tree']"
74928,ILGL,<i>Ilex glabra</i> (L.) A. Gray,inkberry,Dicot,['Perennial'],['Shrub']
74975,ILVE,<i>Ilex verticillata</i> (L.) A. Gray,common winterberry,Dicot,['Perennial'],"['Shrub', 'Tree']"
88116,ITVI,<i>Itea virginica</i> L.,Virginia sweetspire,Dicot,['Perennial'],['Shrub']
65203,KALA,<i>Kalmia latifolia</i> L.,mountain laurel,Dicot,['Perennial'],"['Shrub', 'Tree']"
65252,LEFO,<i>Leucothoe fontanesiana</i> (Steud.) Sleumer,highland doghobble,Dicot,['Perennial'],['Shrub']
71391,LIBE3,<i>Lindera benzoin</i> (L.) Blume,northern spicebush,Dicot,['Perennial'],"['Shrub', 'Tree']"
70717,MOCE2,<i>Morella cerifera</i> (L.) Small,wax myrtle,Dicot,['Perennial'],"['Shrub', 'Subshrub', 'Tree']"
70735,MOPE6,<i>Morella pensylvanica</i> (Mirb.) Kartesz,northern bayberry,Dicot,['Perennial'],"['Shrub', 'Tree']"
88445,PHIN5,<i>Philadelphus inodorus</i> L.,scentless mock orange,Dicot,['Perennial'],['Shrub']
90185,PHOP,"<i>Physocarpus opulifolius</i> (L.) Maxim., orth. cons.",common ninebark,Dicot,['Perennial'],['Shrub']
65308,PIFL,<i>Pieris floribunda</i> (Pursh) Benth. & Hook. f.,mountain fetterbush,Dicot,['Perennial'],['Shrub']
65346,RHCA8,<i>Rhododendron catawbiense</i> Michx.,Catawba rosebay,Dicot,['Perennial'],"['Shrub', 'Tree']"
65369,RHMA4,<i>Rhododendron maximum</i> L.,great laurel,Dicot,['Perennial'],"['Shrub', 'Tree']"
65380,RHPE4,<i>Rhododendron periclymenoides</i> (Michx.) Shinners,pink azalea,Dicot,['Perennial'],['Shrub']
65385,RHPR,<i>Rhododendron prinophyllum</i> (Small) Millais,early azalea,Dicot,['Perennial'],['Shrub']
65397,RHVI2,<i>Rhododendron viscosum</i> (L.) Torr.,swamp azalea,Dicot,['Perennial'],['Shrub']
92934,RHAR4,<i>Rhus aromatica</i> Aiton,fragrant sumac,Dicot,['Perennial'],['Shrub']
92952,RHCO,<i>Rhus copallinum</i> L.,winged sumac,Dicot,['Perennial'],"['Shrub', 'Tree']"
92963,RHGL,<i>Rhus glabra</i> L.,smooth sumac,Dicot,['Perennial'],"['Shrub', 'Tree']"
88312,RIRO2,<i>Ribes rotundifolium</i> Michx.,Appalachian gooseberry,Dicot,['Perennial'],['Shrub']
82146,ROHIR,<i>Robinia hispida</i> L. var. <i>rosea</i> Pursh,bristly locust,Dicot,['Perennial'],"['Shrub', 'Tree']"
90793,ROCA4,<i>Rosa carolina</i> L.,Carolina rose,Dicot,['Perennial'],['Subshrub']
90894,ROPA,<i>Rosa palustris</i> Marshall,swamp rose,Dicot,['Perennial'],['Subshrub']
90954,ROVI2,<i>Rosa virginiana</i> Mill.,Virginia rose,Dicot,['Perennial'],['Subshrub']
91009,RUAL,<i>Rubus allegheniensis</i> Porter,Allegheny blackberry,Dicot,['Perennial'],['Subshrub']
91167,RUFL,<i>Rubus flagellaris</i> Willd.,northern dewberry,Dicot,['Perennial'],['Subshrub']
91250,RUHI,<i>Rubus hispidus</i> L.,bristly dewberry,Dicot,['Perennial'],['Subshrub']
91407,RUOC,<i>Rubus occidentalis</i> L.,black raspberry,Dicot,['Perennial'],['Subshrub']
91409,RUOD,<i>Rubus odoratus</i> L.,purpleflowering raspberry,Dicot,['Perennial'],['Subshrub']
67871,SAHU2,<i>Salix humilis</i> Marshall,prairie willow,Dicot,['Perennial'],['Shrub']
42834,SANIC4,<i>Sambucus nigra</i> L. ssp. <i>canadensis</i> (L.) R. Bolli,American black elderberry,Dicot,['Perennial'],"['Shrub', 'Tree']"
42863,SARA2,<i>Sambucus racemosa</i> L.,red elderberry,Dicot,['Perennial'],"['Shrub', 'Tree']"
91786,SPAL2,<i>Spiraea alba</i> Du Roi,white meadowsweet,Dicot,['Perennial'],['Shrub']
42905,SYOR,<i>Symphoricarpos orbiculatus</i> Moench,coralberry,Dicot,['Perennial'],['Shrub']
65417,VAAN,<i>Vaccinium angustifolium</i> Aiton,lowbush blueberry,Dicot,['Perennial'],"['Shrub', 'Subshrub']"
65446,VACO,<i>Vaccinium corymbosum</i> L.,highbush blueberry,Dicot,['Perennial'],['Shrub']
42933,VIAC,<i>Viburnum acerifolium</i> L.,mapleleaf viburnum,Dicot,['Perennial'],"['Shrub', 'Subshrub']"
42949,VIDE,<i>Viburnum dentatum</i> L.,southern arrowwood,Dicot,['Perennial'],"['Shrub', 'Tree']"
42980,VILA11,<i>Viburnum lantanoides</i> Michx.,hobblebush,Dicot,['Perennial'],['Shrub']
42987,VINU,<i>Viburnum nudum</i> L.,possumhaw,Dicot,['Perennial'],"['Shrub', 'Tree']"
42988,VINUC,<i>Viburnum nudum</i> L. var. <i>cassinoides</i> (L.) Torr. & A. Gray,withe-rod,Dicot,['Perennial'],"['Shrub', 'Tree']"
43016,VIPR,<i>Viburnum prunifolium</i> L.,blackhaw,Dicot,['Perennial'],"['Shrub', 'Tree']"
73676,XASI,<i>Xanthorhiza simplicissima</i> Marshall,yellowroot,Dicot,['Perennial'],"['Forb/herb', 'Subshrub']"
92842,ACPE,<i>Acer pensylvanicum</i> L.,striped maple,Dicot,['Perennial'],"['Shrub', 'Tree']"
92875,ACSP2,<i>Acer spicatum</i> Lam.,mountain maple,Dicot,['Perennial'],"['Shrub', 'Tree']"
69903,ALIN2,<i>Alnus incana</i> (L.) Moench,gray alder,Dicot,['Perennial'],"['Shrub', 'Tree']"
88664,AMAR3,<i>Amelanchier arborea</i> (Michx. f.) Fernald,common serviceberry,Dicot,['Perennial'],"['Shrub', 'Tree']"
88673,AMCA4,<i>Amelanchier canadensis</i> (L.) Medik.,Canadian serviceberry,Dicot,['Perennial'],"['Shrub', 'Tree']"
88685,AMLA,<i>Amelanchier laevis</i> Wiegand,Allegheny serviceberry,Dicot,['Perennial'],"['Shrub', 'Tree']"
74685,ARSP2,<i>Aralia spinosa</i> L.,devil's walkingstick,Dicot,['Perennial'],"['Shrub', 'Tree']"
71503,ASTR,<i>Asimina triloba</i> (L.) Dunal,pawpaw,Dicot,['Perennial'],"['Shrub', 'Tree']"
70066,CACA18,<i>Carpinus caroliniana</i> Walter,American hornbeam,Dicot,['Perennial'],"['Shrub', 'Tree']"
70117,CAPU9,<i>Castanea pumila</i> (L.) Mill.,chinquapin,Dicot,['Perennial'],"['Shrub', 'Tree']"
70928,CELA,<i>Celtis laevigata</i> Willd.,sugarberry,Dicot,['Perennial'],"['Shrub', 'Tree']"
78328,CECA4,<i>Cercis canadensis</i> L.,eastern redbud,Dicot,['Perennial'],"['Shrub', 'Tree']"
49693,CHVI3,<i>Chionanthus virginicus</i> L.,white fringetree,Dicot,['Perennial'],"['Shrub', 'Tree']"
75150,COAL2,<i>Cornus alternifolia</i> L. f.,alternateleaf dogwood,Dicot,['Perennial'],"['Shrub', 'Tree']"
75171,COFL2,<i>Cornus florida</i> L.,flowering dogwood,Dicot,['Perennial'],"['Shrub', 'Tree']"
75174,COFO,<i>Cornus foemina</i> Mill.,stiff dogwood,Dicot,['Perennial'],"['Shrub', 'Tree']"
89092,CRCR2,<i>Crataegus crus-galli</i> L.,cockspur hawthorn,Dicot,['Perennial'],"['Shrub', 'Tree']"
89186,CRFL2,<i>Crataegus flava</i> Aiton,yellowleaf hawthorn,Dicot,['Perennial'],"['Shrub', 'Tree']"
89404,CRPH,<i>Crataegus phaenopyrum</i> (L. f.) Medik.,Washington hawthorn,Dicot,['Perennial'],"['Shrub', 'Tree']"
89605,CRVI2,<i>Crataegus viridis</i> L.,green hawthorn,Dicot,['Perennial'],"['Shrub', 'Tree']"
75020,EUAT5,<i>Euonymus atropurpureus</i> Jacq.,burningbush,Dicot,['Perennial'],"['Shrub', 'Tree']"
74982,ILVO,<i>Ilex vomitoria</i> Aiton,yaupon,Dicot,['Perennial'],"['Shrub', 'Tree']"
71577,MATR,<i>Magnolia tripetala</i> (L.) L.,umbrella-tree,Dicot,['Perennial'],['Tree']
71581,MAVI2,<i>Magnolia virginiana</i> L.,sweetbay,Dicot,['Perennial'],"['Shrub', 'Tree']"
70102,OSVI,<i>Ostrya virginiana</i> (Mill.) K. Koch,hophornbeam,Dicot,['Perennial'],"['Shrub', 'Tree']"
90536,PRAM,<i>Prunus americana</i> Marshall,American plum,Dicot,['Perennial'],"['Shrub', 'Tree']"
90538,PRAN3,<i>Prunus angustifolia</i> Marshall,Chickasaw plum,Dicot,['Perennial'],"['Shrub', 'Tree']"
90621,PRPE2,<i>Prunus pensylvanica</i> L. f.,pin cherry,Dicot,['Perennial'],"['Shrub', 'Tree']"
90686,PRVI,<i>Prunus virginiana</i> L.,chokecherry,Dicot,['Perennial'],"['Shrub', 'Tree']"
70314,QUIL,<i>Quercus ilicifolia</i> Wangenh.,bear oak,Dicot,['Perennial'],"['Shrub', 'Tree']"
70367,QUMA3,<i>Quercus marilandica</i> Münchh.,blackjack oak,Dicot,['Perennial'],"['Shrub', 'Tree']"
91750,SOAM3,<i>Sorbus americana</i> Marshall,American mountain ash,Dicot,['Perennial'],"['Shrub', 'Tree']"
90051,MACO5,<i>Malus coronaria</i> (L.) Mill.,sweet crab apple,Dicot,['Perennial'],"['Shrub', 'Tree']"
15299,THOC2,<i>Thuja occidentalis</i> L.,arborvitae,Gymnosperm,['Perennial'],['Tree']
70952,CEPU10,<i>Celtis pumila</i> Pursh,dwarf hackberry,Dicot,['Perennial'],"['Shrub', 'Tree']"
76939,APAM,<i>Apios americana</i> Medik.,groundnut,Dicot,['Perennial'],"['Forb/herb', 'Vine']"
71241,ARMA7,<i>Aristolochia macrophylla</i> Lam.,pipevine,Dicot,['Perennial'],['Vine']
49180,BICA,<i>Bignonia capreolata</i> L.,crossvine,Dicot,['Perennial'],['Vine']
49184,CARA2,<i>Campsis radicans</i> (L.) Seem. ex Bureau,trumpet creeper,Dicot,['Perennial'],['Vine']
75002,CESC,<i>Celastrus scandens</i> L.,American bittersweet,Dicot,['Perennial'],['Vine']
72862,CLVI4,<i>Clematis viorna</i> L.,vasevine,Dicot,['Perennial'],['Vine']
72874,CLVI5,<i>Clematis virginiana</i> L.,devil's darning needles,Dicot,['Perennial'],['Vine']
27319,DIVI4,<i>Dioscorea villosa</i> L.,wild yam,Monocot,['Perennial'],"['Forb/herb', 'Vine']"
42803,LOSE,<i>Lonicera sempervirens</i> L.,trumpet honeysuckle,Dicot,['Perennial'],['Vine']
38109,MISC,<i>Mikania scandens</i> (L.) Willd.,climbing hempvine,Dicot,['Perennial'],"['Forb/herb', 'Vine']"
87444,PAQU2,<i>Parthenocissus quinquefolia</i> (L.) Planch.,Virginia creeper,Dicot,['Perennial'],['Vine']
69379,PAIN6,<i>Passiflora incarnata</i> L.,purple passionflower,Dicot,['Perennial'],"['Forb/herb', 'Vine']"
69382,PALU2,<i>Passiflora lutea</i> L.,yellow passionflower,Dicot,['Perennial'],"['Forb/herb', 'Vine']"
61548,POSA5,<i>Polygonum sagittatum</i> L.,arrowleaf tearthumb,Dicot,"['Annual', 'Perennial']","['Forb/herb', 'Vine']"
87511,VILA8,<i>Vitis labrusca</i> L.,fox grape,Dicot,['Perennial'],['Vine']
87526,VIRI,<i>Vitis riparia</i> Michx.,riverbank grape,Dicot,['Perennial'],['Vine']
87550,VIVU,<i>Vitis vulpina</i> L.,frost grape,Dicot,['Perennial'],['Vine']
