Id,Bloom Period,Commercial Availability,Fruit/Seed Abundance,Fruit/Seed Period Begin,Fruit/Seed Period End,Fruit/Seed Persistence,Propagated by Bare Root,Propagated by Bulb,Propagated by Container,Propagated by Corm,Propagated by Cuttings,Propagated by Seed,Propagated by Sod,Propagated by Sprigs,Propagated by Tubers,Seed Spread Rate,Seedling Vigor,Small Grain,Vegetative Spread Rate,Seed per Pound
14459,,,,,,,,,,,,,,,,,,,,
14357,Summer,Contracting Only,High,Summer,Fall,No,No,No,Yes,No,No,No,No,Yes,No,Slow,Low,No,Moderate,
13080,,,,,,,,,,,,,,,,,,,,
13404,,Routinely Available,None,,,No,No,No,Yes,No,No,No,No,Yes,No,None,,No,Moderate,
13412,,,,,,,,,,,,,,,,,,,,
12926,Late Spring,No Known Source,,Summer,Summer,No,Yes,No,No,No,No,No,No,Yes,No,None,,No,Slow,
14477,,,,,,,,,,,,,,,,,,,,
13296,,,,,,,,,,,,,,,,,,,,
13568,,,,,,,,,,,,,,,,,,,,
13578,Summer,Routinely Available,High,Summer,Fall,No,No,No,No,No,No,Yes,No,No,No,Slow,Medium,No,Moderate,
13597,,,,,,,,,,,,,,,,,,,,
13605,,,,,,,,,,,,,,,,,,,,
13562,,,,,,,,,,,,,,,,,,,,
14155,,,,,,,,,,,,,,,,,,,,
14160,Spring,Routinely Available,Medium,Spring,Spring,Yes,No,No,Yes,No,No,No,No,Yes,No,Moderate,Medium,No,None,
14166,Mid Summer,Routinely Available,High,Summer,Summer,No,No,No,Yes,No,Yes,No,No,Yes,No,Slow,Medium,No,Rapid,
14167,,Routinely Available,None,,,No,No,No,Yes,No,Yes,Yes,No,Yes,No,None,,No,Rapid,
14559,,,,,,,,,,,,,,,,,,,,
14320,,,,,,,,,,,,,,,,,,,,
13787,,,,,,,,,,,,,,,,,,,,
13351,Summer,Routinely Available,Medium,Summer,Fall,No,Yes,Yes,No,No,No,Yes,No,Yes,No,Moderate,Medium,No,Moderate,
14837,Summer,Routinely Available,High,Summer,Summer,No,No,Yes,Yes,No,No,Yes,No,No,No,Moderate,Medium,No,Slow,1325000
14854,,,,,,,,,,,,,,,,,,,,
13778,,,,,,,,,,,,,,,,,,,,
20153,Mid Spring,Routinely Available,Low,Summer,Fall,No,No,No,No,No,No,Yes,No,No,No,Slow,Low,No,Moderate,8500000
20180,Mid Summer,No Known Source,Low,Summer,Fall,No,No,No,No,No,No,Yes,No,No,No,Slow,Low,No,Moderate,8000000
20316,Summer,Routinely Available,Medium,Summer,Fall,No,No,No,No,No,No,Yes,No,No,No,Slow,Medium,No,Slow,144240
20324,Late Summer,Routinely Available,High,Fall,Winter,Yes,No,No,No,No,No,Yes,No,Yes,No,Moderate,High,No,None,205000
20367,Late Spring,Routinely Available,Low,Summer,Summer,No,No,No,No,No,No,Yes,No,No,No,Slow,Low,No,None,800000
23350,,,,,,,,,,,,,,,,,,,,
20561,,Routinely Available,,,,No,Yes,No,Yes,No,Yes,No,No,No,No,None,,No,Rapid,
21603,,,,,,,,,,,,,,,,,,,,
20755,Mid Summer,Routinely Available,Medium,Summer,Summer,No,No,No,No,No,No,Yes,Yes,Yes,No,Slow,Low,No,Rapid,335360
20816,,,,,,,,,,,,,,,,,,,,
20903,Spring,Routinely Available,Medium,Spring,Summer,No,No,No,No,No,No,Yes,No,No,No,Slow,Medium,No,None,236000
20954,Late Spring,Routinely Available,Medium,Summer,Summer,No,No,No,No,No,No,Yes,No,No,No,Slow,Medium,No,Rapid,142880
21103,Late Spring,Routinely Available,Medium,Summer,Fall,No,No,No,No,No,No,Yes,No,Yes,No,Moderate,Medium,No,Slow,3837472
21127,Fall,Routinely Available,Medium,Summer,Fall,No,No,No,No,No,No,Yes,No,Yes,No,Moderate,Medium,No,Slow,
18129,Late Spring,No Known Source,Low,Summer,Summer,No,Yes,No,No,No,No,Yes,No,Yes,No,Slow,Low,No,None,
18150,,,,,,,,,,,,,,,,,,,,
18180,Late Spring,Routinely Available,Low,Summer,Summer,No,Yes,No,No,No,No,Yes,No,Yes,No,Slow,Low,No,Moderate,
18236,Spring,Routinely Available,Low,Spring,Summer,No,Yes,No,No,No,No,Yes,No,Yes,No,Slow,Low,No,None,
18297,Late Spring,Routinely Available,Low,Summer,Summer,No,Yes,No,No,No,No,Yes,No,Yes,No,Slow,Low,No,None,
18321,Mid Summer,Routinely Available,Low,Summer,Summer,No,Yes,No,No,No,No,Yes,No,Yes,No,Slow,Low,No,Moderate,
18330,Late Spring,Routinely Available,Medium,Summer,Fall,No,No,No,No,No,No,Yes,No,Yes,No,Slow,Medium,No,None,719988
18354,Late Spring,Routinely Available,Low,Summer,Summer,No,Yes,No,No,No,No,Yes,No,Yes,No,Slow,Low,No,None,
18467,Late Spring,Routinely Available,Low,Summer,Summer,No,Yes,No,No,No,No,Yes,No,Yes,No,Slow,Low,No,Moderate,
18452,Late Spring,Routinely Available,Low,Spring,Summer,No,Yes,No,No,No,No,Yes,No,Yes,No,Slow,Low,No,Slow,
18494,Late Spring,Routinely Available,Low,Spring,Summer,No,Yes,No,No,No,No,Yes,No,Yes,No,Slow,Low,No,None,
18499,Mid Spring,Routinely Available,Low,Spring,Summer,No,Yes,No,No,No,No,Yes,No,Yes,No,Slow,Low,No,Moderate,
17314,Late Spring,Routinely Available,Low,Summer,Fall,No,Yes,No,No,No,No,Yes,No,Yes,No,Slow,Low,No,None,
17455,Spring,Routinely Available,Medium,Spring,Fall,No,No,No,No,No,No,Yes,No,Yes,No,Moderate,Medium,No,None,94696
17458,Spring,Routinely Available,Medium,Summer,Fall,No,No,No,No,No,No,Yes,No,Yes,No,Moderate,Medium,No,None,
17576,Late Spring,Routinely Available,Low,Summer,Summer,No,Yes,No,No,No,No,Yes,No,Yes,No,Slow,Low,No,Slow,
17676,,,,,,,,,,,,,,,,,,,,
17706,,,,,,,,,,,,,,,,,,,,
17718,Late Spring,Routinely Available,Low,Spring,Summer,No,Yes,No,No,No,No,Yes,No,Yes,No,Slow,Low,No,Slow,
17749,,,,,,,,,,,,,,,,,,,,
17767,,,,,,,,,,,,,,,,,,,,
17826,Late Spring,Routinely Available,Low,Summer,Summer,No,Yes,No,No,No,No,Yes,No,Yes,No,Slow,Low,No,None,
17859,Late Spring,Routinely Available,Low,Summer,Summer,No,Yes,No,No,No,No,Yes,No,Yes,No,Slow,Low,No,None,
17885,Mid Spring,Routinely Available,Low,Spring,Summer,No,Yes,No,No,No,No,Yes,No,Yes,No,Slow,Low,No,Slow,
17903,Mid Spring,Routinely Available,Low,Spring,Summer,No,Yes,No,No,No,No,Yes,No,Yes,No,Slow,Low,No,Slow,
17921,Spring,Routinely Available,Medium,Summer,Fall,No,No,No,No,No,No,Yes,No,Yes,No,Slow,Medium,No,None,
17948,,,,,,,,,,,,,,,,,,,,
17981,Late Spring,Routinely Available,Low,Summer,Summer,No,Yes,No,No,No,No,Yes,No,Yes,No,Slow,Low,No,Slow,
17988,Late Spring,Routinely Available,Low,Summer,Summer,No,Yes,No,No,No,No,Yes,No,Yes,No,Slow,Low,No,Slow,
18058,Spring,Routinely Available,Medium,Summer,Fall,No,No,No,No,No,No,Yes,No,Yes,No,Moderate,Medium,No,None,1297000
21302,Summer,Routinely Available,High,Summer,Fall,Yes,Yes,No,No,No,No,Yes,No,No,No,Moderate,Medium,No,Moderate,90000
21304,Summer,Routinely Available,Medium,Summer,Fall,Yes,Yes,No,No,No,No,Yes,No,No,No,Moderate,Medium,No,Moderate,85000
21368,Summer,Routinely Available,Medium,Summer,Fall,No,No,No,No,No,No,Yes,No,Yes,No,Moderate,Medium,No,None,
24236,,,,,,,,,,,,,,,,,,,,
18590,Mid Summer,Routinely Available,Medium,Summer,Fall,Yes,No,No,No,No,No,No,No,Yes,No,Slow,Low,No,Rapid,3489173
18714,Late Summer,Routinely Available,Medium,Summer,Fall,Yes,No,No,No,No,No,No,No,Yes,No,Moderate,High,No,None,
18835,Summer,Routinely Available,Medium,Summer,Fall,Yes,No,No,No,No,No,No,No,Yes,No,Moderate,Medium,No,Slow,
21508,Late Spring,No Known Source,Low,Summer,Summer,No,No,No,No,No,No,Yes,No,No,No,Moderate,Medium,No,None,450000
21519,,,,,,,,,,,,,,,,,,,,
21520,,,,,,,,,,,,,,,,,,,,
21602,Late Spring,No Known Source,Medium,Summer,Summer,No,No,No,No,No,No,Yes,No,No,No,Slow,High,No,None,668000
21710,Early Summer,Routinely Available,High,Summer,Fall,Yes,No,No,No,No,No,Yes,No,No,No,Slow,Low,No,None,350000
21712,Summer,No Known Source,Low,Summer,Fall,No,No,No,No,No,No,Yes,No,No,No,Slow,Medium,No,None,210000
18864,Late Summer,Routinely Available,Low,Fall,Fall,No,No,No,No,No,No,Yes,No,Yes,No,Rapid,Medium,No,Slow,855835
18868,Mid Summer,Routinely Available,Low,Summer,Fall,No,Yes,No,No,No,No,Yes,No,Yes,No,Slow,Low,No,Rapid,900000
19007,Summer,Routinely Available,Medium,Spring,Fall,Yes,Yes,No,No,No,No,Yes,No,Yes,No,Moderate,Medium,No,Moderate,2834953
19059,Late Spring,Routinely Available,Low,Summer,Fall,No,Yes,No,No,No,No,Yes,No,Yes,No,Slow,Low,No,,
22394,Late Spring,Routinely Available,Medium,Spring,Summer,No,No,No,No,No,No,Yes,No,No,No,Rapid,High,No,None,114000
22465,,,,,,,,,,,,,,,,,,,,
22557,Mid Summer,Routinely Available,Medium,Summer,Fall,No,No,No,No,No,No,Yes,No,No,No,Moderate,High,No,None,125000
22656,Early Spring,Routinely Available,Medium,Spring,Summer,No,No,No,No,No,No,Yes,No,No,No,Moderate,Medium,No,None,73000
22734,,,,,,,,,,,,,,,,,,,,
22864,Spring,Contracting Only,High,Summer,Fall,No,No,No,No,No,No,Yes,No,No,No,Slow,High,No,Moderate,1059100
25363,Summer,Routinely Available,Medium,Summer,Fall,Yes,No,No,No,No,No,No,No,Yes,No,Moderate,High,No,None,
23137,Mid Spring,Routinely Available,High,Summer,Summer,No,No,No,No,No,No,Yes,Yes,No,No,Slow,Medium,No,Slow,454087
23194,Late Spring,Contracting Only,Medium,Spring,Summer,No,No,No,No,No,No,Yes,No,No,No,Slow,Medium,No,None,400000
23267,Late Spring,Routinely Available,Medium,Spring,Summer,No,No,No,No,No,No,No,No,Yes,No,Moderate,Medium,No,None,
23276,Early Summer,Routinely Available,Medium,Spring,Fall,No,No,No,No,No,No,No,No,Yes,No,Moderate,Medium,No,Slow,
23359,Mid Summer,Routinely Available,High,Summer,Fall,No,No,No,No,No,No,Yes,No,No,No,Slow,Low,No,None,110000
26541,Spring,Routinely Available,Medium,Summer,Summer,No,Yes,No,No,No,No,Yes,No,Yes,No,Slow,Medium,No,None,
26611,Mid Summer,Routinely Available,High,Summer,Fall,No,Yes,No,No,No,No,Yes,No,Yes,No,Moderate,Medium,No,None,4535925
26634,Early Summer,Routinely Available,Low,Summer,Fall,No,Yes,No,No,No,No,Yes,No,Yes,No,Slow,Medium,No,None,
26651,Summer,Routinely Available,Medium,Summer,Fall,Yes,No,No,No,No,No,Yes,No,Yes,No,Slow,High,No,None,45359242
26724,Late Spring,Routinely Available,Medium,Summer,Summer,No,Yes,No,No,No,No,Yes,No,Yes,No,Slow,Medium,No,Slow,
26783,Late Spring,Routinely Available,High,Summer,Summer,No,Yes,No,No,No,No,Yes,No,Yes,No,Slow,Medium,No,Slow,
26799,Late Spring,Routinely Available,Low,Summer,Summer,Yes,Yes,No,No,No,No,No,No,No,No,Slow,Low,No,None,
23605,Indeterminate,Routinely Available,High,Spring,Fall,No,Yes,No,No,No,No,No,No,No,No,Moderate,Medium,No,Moderate,498454
23608,Late Summer,Routinely Available,Medium,Summer,Fall,No,Yes,No,No,No,No,No,No,No,No,Slow,Medium,No,Moderate,
23997,Fall,Routinely Available,High,Fall,Winter,No,No,No,No,No,No,Yes,No,Yes,No,Slow,Medium,No,,1400000
24042,Late Summer,Routinely Available,Low,Summer,Fall,No,No,No,No,No,No,Yes,No,No,No,Moderate,Low,No,Moderate,750000
24262,Summer,Routinely Available,High,Summer,Fall,No,No,No,No,No,No,Yes,No,No,No,Moderate,Medium,No,None,392000
24345,Late Summer,No Known Source,High,Fall,Fall,No,No,No,No,No,No,Yes,No,No,No,Moderate,Medium,No,None,796636
24393,Mid Summer,Routinely Available,Medium,Summer,Fall,No,No,No,No,No,No,Yes,No,No,No,Slow,Medium,No,Slow,259000
24659,Late Spring,Routinely Available,Medium,Summer,Summer,No,No,No,No,No,No,Yes,No,Yes,No,Slow,Medium,No,Rapid,537920
24710,Summer,Routinely Available,Medium,Summer,Fall,Yes,No,No,No,No,No,No,No,Yes,No,Slow,High,No,Rapid,
25028,Mid Spring,Routinely Available,High,Spring,Summer,No,No,No,No,No,No,Yes,Yes,No,No,Slow,Low,No,Rapid,1389840
25340,,,,,,,,,,,,,,,,,,,,
25478,Summer,Routinely Available,Medium,Summer,Fall,No,No,No,No,No,No,Yes,No,No,No,Slow,Medium,No,None,255000
19652,Late Spring,Routinely Available,Medium,Summer,Fall,Yes,No,No,No,No,No,No,No,Yes,No,Moderate,Medium,No,Moderate,216435
19669,Late Spring,Routinely Available,Low,Summer,Summer,No,Yes,No,Yes,No,No,Yes,No,Yes,No,Slow,Low,No,Rapid,36000000
19732,Summer,Routinely Available,Medium,Summer,Fall,Yes,No,No,No,No,No,Yes,No,Yes,No,Moderate,Medium,No,None,11339811
19736,Late Summer,Routinely Available,Medium,Summer,Fall,Yes,No,No,No,No,No,Yes,No,Yes,No,Rapid,Medium,No,None,36000000
19768,Mid Spring,Routinely Available,Low,Spring,Summer,No,Yes,No,Yes,No,No,Yes,No,Yes,No,Slow,Low,No,Slow,
25695,Mid Spring,Routinely Available,Medium,Summer,Fall,No,No,No,No,No,No,Yes,No,No,No,Slow,Medium,No,Slow,174720
26962,Indeterminate,Routinely Available,Medium,Spring,Fall,Yes,No,No,No,No,No,Yes,No,Yes,No,Rapid,High,No,Rapid,
25851,Summer,Routinely Available,Medium,Summer,Summer,No,No,No,No,No,No,Yes,No,No,No,Slow,Medium,No,None,1200000
26132,Late Summer,Contracting Only,Medium,Summer,Fall,No,No,No,No,No,No,Yes,No,No,No,Rapid,High,No,None,465000
26161,Late Spring,Routinely Available,Low,Summer,Summer,No,No,No,No,No,No,Yes,No,Yes,No,Slow,Medium,No,Slow,7500
27001,Late Spring,Routinely Available,High,Summer,Fall,Yes,Yes,No,No,No,No,Yes,No,Yes,No,Moderate,Medium,No,Rapid,
26483,Late Summer,Routinely Available,High,Fall,Winter,No,No,No,Yes,No,No,Yes,No,No,No,Moderate,High,No,Moderate,210000
31206,Early Summer,Routinely Available,Medium,Summer,Summer,Yes,No,No,Yes,No,No,Yes,No,Yes,No,Slow,Low,No,Slow,2852012
16268,Late Spring,Routinely Available,Medium,Summer,Fall,No,No,No,No,No,No,No,No,Yes,No,Slow,High,No,Moderate,
16271,Late Spring,Routinely Available,Low,Summer,Summer,No,Yes,No,Yes,No,No,No,No,Yes,No,None,Low,No,Moderate,498454
72484,,,,,,,,,,,,,,,,,,,,
72494,,,,,,,,,,,,,,,,,,,,
31339,,,,,,,,,,,,,,,,,,,,
15744,Late Spring,Routinely Available,Medium,Summer,Summer,No,Yes,No,No,No,No,Yes,No,Yes,No,Moderate,Medium,No,None,825000
27903,,,,,,,,,,,,,,,,,,,,
43228,,,,,,,,,,,,,,,,,,,,
72538,,,,,,,,,,,,,,,,,,,,
72594,,,,,,,,,,,,,,,,,,,,
31762,Late Spring,No Known Source,Medium,Spring,Summer,No,No,No,No,No,No,Yes,No,No,No,Slow,Low,No,Slow,6600000
31814,,,,,,,,,,,,,,,,,,,,
31911,,,,,,,,,,,,,,,,,,,,
72621,,,,,,,,,,,,,,,,,,,,
16310,,,,,,,,,,,,,,,,,,,,
16316,Early Summer,Routinely Available,Low,Summer,Summer,Yes,Yes,No,Yes,Yes,No,Yes,No,No,No,Slow,Low,No,Slow,110000
32298,Mid Summer,Routinely Available,Medium,Summer,Fall,No,No,No,Yes,No,Yes,Yes,No,Yes,No,Moderate,Medium,No,Moderate,4048000
88802,,,,,,,,,,,,,,,,,,,,
71268,,,,,,,,,,,,,,,,,,,,
43539,Fall,Routinely Available,Medium,Spring,Fall,Yes,No,No,No,No,No,Yes,No,Yes,No,Slow,Low,No,Slow,153761
43580,,,,,,,,,,,,,,,,,,,,
43599,,,,,,,,,,,,,,,,,,,,
43605,Mid Summer,Routinely Available,Medium,Summer,Fall,No,No,No,Yes,No,No,Yes,No,No,No,Slow,Low,No,None,70000
43619,,,,,,,,,,,,,,,,,,,,
43621,,,,,,,,,,,,,,,,,,,,
68486,,,,,,,,,,,,,,,,,,,,
77136,Mid Summer,Routinely Available,Low,Summer,Fall,No,No,No,No,No,No,Yes,No,No,No,Slow,Medium,No,Slow,270500
78033,,,,,,,,,,,,,,,,,,,,
78085,Mid Summer,No Known Source,Low,Summer,Fall,No,No,No,No,No,No,Yes,No,No,No,Slow,Low,No,None,300000
32620,Late Summer,Routinely Available,High,Summer,Fall,Yes,No,No,No,No,No,Yes,No,No,No,Rapid,High,No,None,130000
32652,Late Summer,Routinely Available,High,Summer,Fall,Yes,No,No,No,No,No,Yes,No,No,No,Rapid,High,No,None,43324
32705,Late Summer,Routinely Available,High,Summer,Fall,Yes,No,No,No,No,No,Yes,No,No,No,Moderate,Medium,No,None,195300
12726,,,,,,,,,,,,,,,,,,,,
72708,Mid Spring,Routinely Available,Medium,Summer,Summer,No,No,No,Yes,No,No,Yes,No,No,No,Moderate,Medium,No,None,554000
78361,Early Summer,Routinely Available,High,Summer,Summer,No,No,No,No,No,No,Yes,No,No,No,Rapid,High,No,None,65000
50704,,,,,,,,,,,,,,,,,,,,
33399,,,,,,,,,,,,,,,,,,,,
33436,,,,,,,,,,,,,,,,,,,,
72807,,,,,,,,,,,,,,,,,,,,
78506,,,,,,,,,,,,,,,,,,,,
16911,,,,,,,,,,,,,,,,,,,,
33849,Summer,Routinely Available,Medium,Summer,Fall,No,No,No,No,No,No,Yes,No,Yes,No,Moderate,Medium,No,None,1500000
28406,,,,,,,,,,,,,,,,,,,,
33940,Late Summer,Routinely Available,High,Fall,Fall,Yes,No,No,Yes,No,No,Yes,No,No,No,Moderate,High,No,None,221000
33987,,,,,,,,,,,,,,,,,,,,
33992,,,,,,,,,,,,,,,,,,,,
45660,,,,,,,,,,,,,,,,,,,,
84380,Mid Summer,Routinely Available,High,Summer,Fall,No,Yes,No,Yes,No,Yes,Yes,No,No,No,Slow,Medium,No,Rapid,
73087,,,,,,,,,,,,,,,,,,,,
79106,Late Summer,No Known Source,High,Fall,Fall,Yes,No,No,No,No,No,Yes,No,No,No,Rapid,High,No,None,200000
71832,,,,,,,,,,,,,,,,,,,,
71836,,,,,,,,,,,,,,,,,,,,
34298,,,,,,,,,,,,,,,,,,,,
34475,Early Summer,Routinely Available,Medium,Summer,Fall,No,No,No,No,No,No,Yes,No,No,No,Moderate,Medium,No,Moderate,115664
34506,Mid Summer,No Known Source,Medium,Summer,Fall,Yes,No,No,No,No,No,Yes,No,No,No,Moderate,Medium,No,Slow,800000
15884,Summer,Routinely Available,Low,Summer,Fall,No,No,No,No,No,No,Yes,No,Yes,No,Slow,High,No,Rapid,
85932,Summer,Routinely Available,Medium,Summer,Fall,No,No,No,No,No,No,Yes,No,No,No,Slow,Medium,No,None,3000000
12212,Spring,Routinely Available,Medium,Spring,Fall,No,Yes,No,No,No,No,Yes,No,Yes,Yes,Slow,Medium,No,Moderate,
12228,,,,,,,,,,,,,,,,,,,,
35138,Mid Spring,Routinely Available,High,Spring,Summer,No,No,No,No,No,No,Yes,No,No,No,Slow,Medium,No,None,3000000
35163,,,,,,,,,,,,,,,,,,,,
60308,,,,,,,,,,,,,,,,,,,,
74019,,,,,,,,,,,,,,,,,,,,
28499,,,,,,,,,,,,,,,,,,,,
35396,,,,,,,,,,,,,,,,,,,,
35415,,,,,,,,,,,,,,,,,,,,
35438,,,,,,,,,,,,,,,,,,,,
76059,,,,,,,,,,,,,,,,,,,,
35469,,,,,,,,,,,,,,,,,,,,
35511,Late Summer,Routinely Available,High,Summer,Fall,Yes,Yes,No,Yes,No,No,Yes,No,Yes,No,Slow,Medium,No,Moderate,800000
35594,,,,,,,,,,,,,,,,,,,,
35639,Summer,Routinely Available,Medium,Summer,Fall,No,Yes,No,Yes,No,No,No,No,Yes,No,Slow,Low,No,Slow,2000000
35659,,,,,,,,,,,,,,,,,,,,
89751,,,,,,,,,,,,,,,,,,,,
44077,Late Summer,Routinely Available,High,Summer,Fall,No,No,No,No,No,No,Yes,No,No,No,Moderate,Low,No,None,2982354
83748,,,,,,,,,,,,,,,,,,,,
91870,,,,,,,,,,,,,,,,,,,,
89856,,,,,,,,,,,,,,,,,,,,
36117,Fall,Routinely Available,Medium,Fall,Fall,No,Yes,No,No,No,No,Yes,No,No,No,Rapid,High,No,None,1464516
36143,Summer,Routinely Available,High,Summer,Fall,No,Yes,No,No,No,No,Yes,No,No,No,Moderate,High,No,None,2000000
36186,Late Summer,Routinely Available,Medium,Summer,Fall,No,No,No,No,No,No,Yes,No,Yes,No,Moderate,Medium,No,Moderate,504000
36212,,,,,,,,,,,,,,,,,,,,
36227,,,,,,,,,,,,,,,,,,,,
36245,Late Summer,Routinely Available,High,Summer,Fall,No,Yes,No,Yes,No,No,Yes,No,No,No,Slow,High,No,Moderate,630000
36265,Late Summer,Routinely Available,High,Summer,Fall,No,Yes,No,No,No,No,Yes,No,Yes,No,Moderate,High,No,Moderate,196360
36339,Late Summer,Routinely Available,Medium,Summer,Fall,No,No,No,No,No,No,Yes,No,No,Yes,Moderate,Medium,No,Rapid,75666
36349,,,,,,,,,,,,,,,,,,,,
73127,,,,,,,,,,,,,,,,,,,,
73132,,,,,,,,,,,,,,,,,,,,
73126,,,,,,,,,,,,,,,,,,,,
74048,Early Summer,Routinely Available,High,Summer,Summer,No,No,No,No,No,No,Yes,No,No,No,Rapid,Medium,No,Moderate,47569
91943,,,,,,,,,,,,,,,,,,,,
92054,,,,,,,,,,,,,,,,,,,,
66037,Mid Summer,Routinely Available,Medium,Summer,Fall,Yes,Yes,No,Yes,No,Yes,Yes,No,No,No,Slow,Low,No,None,
66050,Summer,Routinely Available,Low,Summer,Fall,No,No,No,Yes,No,No,Yes,No,No,No,Slow,High,No,None,200000
48282,,,,,,,,,,,,,,,,,,,,
48300,,,,,,,,,,,,,,,,,,,,
92324,,,,,,,,,,,,,,,,,,,,
87828,,,,,,,,,,,,,,,,,,,,
28744,Early Spring,Routinely Available,Low,Spring,Summer,No,No,No,No,Yes,No,Yes,No,No,No,Slow,Medium,No,Slow,
83642,Indeterminate,Routinely Available,Medium,Summer,Fall,No,No,No,No,No,No,Yes,No,No,No,Slow,High,No,None,700000
83653,Indeterminate,Routinely Available,High,Summer,Fall,No,No,No,No,No,No,Yes,No,No,No,Slow,High,No,None,700000
27431,,,,,,,,,,,,,,,,,,,,
27615,,,,,,,,,,,,,,,,,,,,
27619,,,,,,,,,,,,,,,,,,,,
27620,Spring,Routinely Available,Low,Summer,Fall,No,No,Yes,No,No,No,Yes,No,No,No,Slow,Medium,No,Moderate,
72325,,,,,,,,,,,,,,,,,,,,
48923,Late Spring,Routinely Available,Medium,Spring,Fall,No,Yes,No,No,No,No,No,No,No,No,Moderate,High,No,Rapid,350000
16464,Summer,Routinely Available,,Summer,Summer,No,No,No,No,No,No,Yes,No,Yes,No,Rapid,High,No,Rapid,
79847,Late Summer,No Known Source,Low,Summer,Fall,No,No,No,No,No,No,Yes,No,No,No,Slow,Low,No,None,174000
79866,Late Summer,No Known Source,High,Fall,Winter,No,No,No,No,No,No,Yes,No,No,No,Moderate,Medium,No,None,175000
37426,Late Summer,No Known Source,Medium,Fall,Winter,No,No,No,No,No,No,Yes,No,No,No,Slow,Medium,No,None,290000
37462,Late Summer,Routinely Available,Low,Summer,Fall,No,No,No,Yes,Yes,No,Yes,No,No,No,Slow,Low,No,Slow,100000
37468,,,,,,,,,,,,,,,,,,,,
28769,,,,,,,,,,,,,,,,,,,,
28836,,,,,,,,,,,,,,,,,,,,
42478,Summer,Routinely Available,Medium,Summer,Fall,No,No,No,Yes,No,No,Yes,No,No,No,Slow,High,No,None,11292758
42561,,,,,,,,,,,,,,,,,,,,
86072,,,,,,,,,,,,,,,,,,,,
80872,,,,,,,,,,,,,,,,,,,,
45838,Early Summer,Routinely Available,Medium,Summer,Fall,No,No,No,No,No,No,Yes,No,No,Yes,Moderate,Medium,No,None,3025308
45866,Summer,Routinely Available,Medium,Fall,Winter,Yes,No,No,No,No,No,Yes,No,Yes,No,Moderate,Medium,No,Moderate,108000
28891,,,,,,,,,,,,,,,,,,,,
27143,,,,,,,,,,,,,,,,,,,,
45887,Spring,Routinely Available,Medium,Summer,Fall,No,Yes,No,No,No,No,No,No,No,No,Moderate,Medium,No,None,
45201,Spring,Routinely Available,,Spring,Summer,No,Yes,No,No,No,No,Yes,No,No,No,Slow,Medium,No,None,225000
92484,,,,,,,,,,,,,,,,,,,,
51235,Summer,Routinely Available,High,Summer,Fall,No,Yes,No,No,No,No,Yes,No,No,No,Moderate,High,No,Moderate,4000000
51509,,,,,,,,,,,,,,,,,,,,
45953,,,,,,,,,,,,,,,,,,,,
45955,Summer,Routinely Available,Medium,Summer,Fall,No,No,No,Yes,No,No,Yes,No,No,No,Slow,Medium,No,Slow,1272500
45971,,,,,,,,,,,,,,,,,,,,
45974,,,,,,,,,,,,,,,,,,,,
71666,,,,,,,,,,,,,,,,,,,,
71742,,,,,,,,,,,,,,,,,,,,
86182,Late Spring,Contracting Only,High,Summer,Fall,Yes,No,No,No,No,No,Yes,No,No,No,Moderate,High,No,None,1376000
86339,Summer,No Known Source,Medium,Summer,Fall,No,Yes,No,No,No,No,Yes,No,No,No,Moderate,Medium,No,None,3780000
56850,,,,,,,,,,,,,,,,,,,,
16384,,,,,,,,,,,,,,,,,,,,
75287,,,,,,,,,,,,,,,,,,,,
38300,,,,,,,,,,,,,,,,,,,,
38305,Early Spring,Routinely Available,Medium,Summer,Summer,No,No,No,Yes,No,No,Yes,No,No,No,Slow,Medium,No,Moderate,450000
38436,,,,,,,,,,,,,,,,,,,,
57782,,,,,,,,,,,,,,,,,,,,
57792,,,,,,,,,,,,,,,,,,,,
16390,Spring,Routinely Available,Medium,Spring,Fall,Yes,No,No,No,No,No,Yes,No,Yes,No,Rapid,Medium,No,None,
51852,,,,,,,,,,,,,,,,,,,,
51926,Late Spring,Routinely Available,Medium,Summer,Summer,No,No,No,Yes,No,No,Yes,No,Yes,No,Slow,Medium,No,Moderate,400000
52048,,,,,,,,,,,,,,,,,,,,
52088,,,,,,,,,,,,,,,,,,,,
52182,,,,,,,,,,,,,,,,,,,,
87864,Spring,Routinely Available,Medium,Spring,Summer,No,No,No,No,No,No,Yes,No,No,No,Slow,Low,No,Moderate,45000000
61592,,,,,,,,,,,,,,,,,,,,
59981,,,,,,,,,,,,,,,,,,,,
54581,,,,,,,,,,,,,,,,,,,,
54583,,,,,,,,,,,,,,,,,,,,
54611,Mid Summer,Routinely Available,High,Summer,Fall,No,No,No,Yes,No,No,No,No,Yes,No,Slow,Medium,No,Slow,
54638,Late Spring,Routinely Available,Medium,Spring,Summer,No,Yes,No,Yes,No,Yes,Yes,No,Yes,No,Slow,Medium,No,None,
54725,,,,,,,,,,,,,,,,,,,,
54789,,,,,,,,,,,,,,,,,,,,
54790,Early Spring,Routinely Available,,Summer,Summer,No,No,No,Yes,No,No,No,No,Yes,No,None,,No,Rapid,
46245,,,,,,,,,,,,,,,,,,,,
72389,,,,,,,,,,,,,,,,,,,,
54898,,,,,,,,,,,,,,,,,,,,
29031,,,,,,,,,,,,,,,,,,,,
61205,Late Spring,Routinely Available,Low,Summer,Fall,No,No,No,No,No,No,Yes,No,No,No,Moderate,Low,No,Slow,125000
61392,Indeterminate,Routinely Available,Medium,Spring,Summer,No,No,No,No,No,No,Yes,No,No,No,Moderate,Medium,No,None,612963
61462,Spring,Routinely Available,Medium,Spring,Fall,No,No,No,No,No,No,Yes,No,No,No,Rapid,Medium,No,None,126111
61516,Summer,Routinely Available,Medium,Summer,Fall,No,No,No,No,No,No,Yes,No,No,No,Rapid,Medium,No,None,125000
29532,Late Spring,Routinely Available,Medium,Summer,Fall,Yes,No,No,No,No,No,Yes,No,Yes,No,Rapid,Medium,No,None,5000
16105,Mid Summer,Routinely Available,Low,Summer,Summer,No,Yes,No,No,No,No,Yes,No,Yes,No,Slow,Low,No,Rapid,
46300,Mid Summer,Routinely Available,Medium,Summer,Fall,No,No,No,No,No,No,Yes,No,No,No,Moderate,Low,No,Slow,668000
46333,,,,,,,,,,,,,,,,,,,,
46345,,,,,,,,,,,,,,,,,,,,
46359,,,,,,,,,,,,,,,,,,,,
46373,,,,,,,,,,,,,,,,,,,,
73194,Spring,Routinely Available,Low,Summer,Summer,No,Yes,No,No,No,No,Yes,No,No,No,Slow,Medium,No,None,25000
73366,Early Spring,Routinely Available,Medium,Summer,Summer,No,No,No,No,No,No,Yes,No,Yes,No,Slow,Medium,No,None,25000
84572,,,,,,,,,,,,,,,,,,,,
39449,,,,,,,,,,,,,,,,,,,,
39478,Summer,Routinely Available,High,Summer,Summer,No,No,No,No,No,No,Yes,No,No,No,Moderate,Medium,No,None,1575760
39504,Late Summer,Routinely Available,Medium,Fall,Fall,Yes,No,No,Yes,No,No,Yes,No,No,No,Slow,Medium,No,Moderate,252222
39530,,,,,,,,,,,,,,,,,,,,
49040,,,,,,,,,,,,,,,,,,,,
15829,Late Spring,Routinely Available,Medium,Spring,Summer,No,No,No,No,No,No,Yes,No,No,No,Moderate,,No,None,67000
46470,,,,,,,,,,,,,,,,,,,,
72090,,,,,,,,,,,,,,,,,,,,
72290,,,,,,,,,,,,,,,,,,,,
46588,,,,,,,,,,,,,,,,,,,,
87946,,,,,,,,,,,,,,,,,,,,
88052,,,,,,,,,,,,,,,,,,,,
82342,,,,,,,,,,,,,,,,,,,,
82366,Summer,Routinely Available,Medium,Summer,Fall,Yes,No,No,Yes,No,No,Yes,No,No,No,Moderate,High,No,None,20500
91720,,,,,,,,,,,,,,,,,,,,
58049,,,,,,,,,,,,,,,,,,,,
58258,,,,,,,,,,,,,,,,,,,,
58330,,,,,,,,,,,,,,,,,,,,
39867,Late Summer,,,,,No,No,No,Yes,No,No,Yes,No,No,No,,,No,,
39887,,,,,,,,,,,,,,,,,,,,
27691,Mid Spring,Routinely Available,Low,Spring,Summer,No,Yes,Yes,No,No,No,Yes,No,No,No,Slow,Low,No,None,757000
27760,,,,,,,,,,,,,,,,,,,,
39957,Late Summer,Routinely Available,High,Summer,Fall,No,Yes,No,No,No,No,Yes,No,Yes,No,Slow,Medium,No,Rapid,4600000
39948,,,,,,,,,,,,,,,,,,,,
39952,Late Spring,No Known Source,Medium,Summer,Fall,Yes,No,No,No,No,No,Yes,No,Yes,No,Slow,Medium,No,Slow,700000
39995,Late Summer,No Known Source,Medium,Summer,Fall,No,Yes,No,No,No,No,Yes,No,Yes,No,Slow,Medium,No,Moderate,700000
39998,Indeterminate,Routinely Available,Medium,Summer,Fall,Yes,No,No,No,No,No,Yes,No,No,No,Moderate,High,No,None,700000
40024,,,,,,,,,,,,,,,,,,,,
40070,Summer,No Known Source,High,Summer,Fall,No,No,No,Yes,No,Yes,Yes,No,No,No,Rapid,High,No,Rapid,1008000
40081,,,,,,,,,,,,,,,,,,,,
40102,,,,,,,,,,,,,,,,,,,,
40105,,,,,,,,,,,,,,,,,,,,
40120,Late Summer,Routinely Available,High,Summer,Fall,No,Yes,No,No,No,No,Yes,No,Yes,No,Slow,Medium,No,Rapid,1000000
40183,,,,,,,,,,,,,,,,,,,,
30717,Late Summer,Routinely Available,Medium,Spring,Fall,No,No,No,No,No,No,Yes,No,No,Yes,Slow,Low,No,None,
46776,Late Spring,Routinely Available,Medium,Summer,Summer,No,No,No,No,No,No,Yes,No,Yes,No,Moderate,Medium,No,None,157000
40476,,,,,,,,,,,,,,,,,,,,
40483,Summer,Contracting Only,Medium,Fall,Fall,Yes,Yes,No,No,No,No,Yes,No,No,No,Slow,Low,No,Moderate,2000000
40672,,,,,,,,,,,,,,,,,,,,
40703,Summer,Routinely Available,Medium,Summer,Winter,Yes,Yes,No,Yes,No,Yes,Yes,No,Yes,No,Slow,Low,No,Slow,800000
40770,,,,,,,,,,,,,,,,,,,,
40782,Summer,Routinely Available,Medium,Fall,Fall,Yes,Yes,No,Yes,No,Yes,Yes,No,No,No,Slow,Low,No,Moderate,700000
40799,,,,,,,,,,,,,,,,,,,,
40863,Late Summer,No Known Source,Medium,Fall,Fall,Yes,Yes,No,Yes,No,Yes,Yes,No,No,No,Slow,Low,No,Rapid,700000
40911,Fall,Routinely Available,Medium,Fall,Fall,No,Yes,No,No,No,No,Yes,No,Yes,No,Slow,Medium,No,Slow,700000
16426,Summer,Routinely Available,Low,Spring,Fall,No,Yes,No,No,No,No,Yes,No,No,No,Slow,Medium,No,Slow,65000
41140,Early Spring,Routinely Available,High,Spring,Summer,No,No,No,No,No,No,Yes,No,No,No,Rapid,High,No,None,562480
46862,Summer,Routinely Available,Medium,Summer,Fall,No,No,Yes,Yes,No,No,Yes,No,No,No,Slow,Medium,No,None,259428
73609,,,,,,,,,,,,,,,,,,,,
73633,,,,,,,,,,,,,,,,,,,,
73640,,,,,,,,,,,,,,,,,,,,
73649,,,,,,,,,,,,,,,,,,,,
92518,,,,,,,,,,,,,,,,,,,,
17027,Spring,No Known Source,Low,Spring,Summer,No,Yes,No,No,No,No,Yes,No,No,No,Moderate,High,No,None,1750000
73664,,,,,,,,,,,,,,,,,,,,
46917,,,,,,,,,,,,,,,,,,,,
29217,,,,,,,,,,,,,,,,,,,,
15946,Mid Summer,Routinely Available,Low,Summer,Summer,No,No,No,No,No,No,Yes,No,Yes,No,Moderate,Medium,No,Moderate,135000
47330,,,,,,,,,,,,,,,,,,,,
41717,Late Summer,Routinely Available,Low,Summer,Fall,No,No,No,Yes,No,No,Yes,No,No,No,Moderate,Medium,No,None,300000
52579,Mid Summer,Routinely Available,Medium,Summer,Fall,No,Yes,No,No,No,Yes,Yes,No,Yes,No,Slow,Low,No,Moderate,300000
69604,,,,,,,,,,,,,,,,,,,,
69719,,,,,,,,,,,,,,,,,,,,
69760,Early Spring,No Known Source,Low,Spring,Summer,No,Yes,No,No,No,Yes,Yes,No,Yes,No,Slow,Low,No,Slow,
69816,Mid Spring,Routinely Available,Medium,Spring,Summer,No,No,No,No,No,Yes,Yes,No,Yes,No,Slow,Medium,No,Slow,
69824,,,,,,,,,,,,,,,,,,,,
27210,,,,,,,,,,,,,,,,,,,,
74665,,,,,,,,,,,,,,,,,,,,
92814,Early Spring,Routinely Available,High,Summer,Fall,No,Yes,No,Yes,No,Yes,Yes,No,No,No,Slow,Low,No,Slow,11360
92846,Early Spring,Routinely Available,High,Spring,Spring,No,Yes,No,Yes,No,No,Yes,No,No,No,Moderate,Medium,No,None,22720
92860,Early Spring,Routinely Available,High,Summer,Fall,No,Yes,No,Yes,No,Yes,Yes,No,No,No,Slow,Low,No,None,1610
92865,Mid Spring,Routinely Available,High,Summer,Fall,Yes,Yes,No,Yes,No,Yes,Yes,No,No,No,Moderate,High,No,None,6540
93131,Late Spring,No Known Source,Medium,Summer,Fall,No,Yes,No,Yes,No,No,Yes,No,No,No,Slow,High,No,None,28
69950,Late Spring,Field Collections Only,Medium,Summer,Summer,Yes,Yes,No,Yes,No,Yes,Yes,No,No,No,Moderate,Medium,No,None,446400
69974,Late Spring,Field Collections Only,Low,Summer,Fall,Yes,Yes,No,Yes,No,No,Yes,No,No,No,Slow,Medium,No,None,646000
69997,Mid Spring,Routinely Available,High,Spring,Spring,No,Yes,No,Yes,No,Yes,Yes,No,No,No,Rapid,High,No,Slow,374400
70004,Mid Spring,Routinely Available,High,Summer,Summer,Yes,Yes,No,Yes,No,Yes,Yes,No,No,No,Rapid,Medium,No,None,1380800
70649,Mid Spring,Field Collections Only,Medium,Summer,Fall,No,Yes,No,Yes,No,No,Yes,No,No,No,Slow,Low,No,None,73
70586,Mid Spring,Routinely Available,Medium,Summer,Fall,No,Yes,No,Yes,No,No,Yes,No,No,No,Slow,Low,No,None,156
70594,Mid Spring,Contracting Only,Medium,Summer,Fall,No,Yes,No,Yes,No,No,Yes,No,No,No,Slow,Low,No,None,200
70608,Early Spring,Routinely Available,High,Summer,Fall,No,Yes,No,Yes,No,Yes,Yes,No,No,No,Slow,Medium,No,Slow,130
70622,Late Spring,Routinely Available,Medium,Summer,Fall,No,Yes,No,Yes,No,No,Yes,No,No,No,Slow,High,No,None,96
49194,Early Summer,Routinely Available,Medium,Fall,Fall,Yes,Yes,No,Yes,No,No,Yes,No,No,No,Slow,Medium,No,Slow,20480
70944,Mid Spring,Routinely Available,High,Summer,Fall,Yes,Yes,No,Yes,No,Yes,Yes,No,No,No,Moderate,Medium,No,None,43000
64536,Late Spring,Routinely Available,High,Summer,Winter,Yes,Yes,No,Yes,No,Yes,Yes,No,No,No,Slow,High,No,Moderate,1200
70143,Mid Spring,Routinely Available,Medium,Summer,Fall,Yes,Yes,No,Yes,No,No,Yes,No,No,No,Slow,Low,No,None,1600
49739,Mid Spring,Routinely Available,High,Summer,Fall,No,Yes,No,Yes,No,No,Yes,No,No,No,Moderate,Medium,No,None,10000
49771,Early Spring,Routinely Available,Low,Summer,Summer,No,Yes,No,Yes,No,No,Yes,No,No,No,Slow,Low,No,None,9730
49774,Late Spring,Routinely Available,High,Spring,Summer,No,Yes,No,Yes,No,No,Yes,No,No,No,Moderate,Medium,No,None,17260
79383,Late Spring,Routinely Available,Medium,Summer,Fall,Yes,Yes,No,Yes,No,Yes,Yes,No,No,No,Slow,Medium,No,None,2800
74958,Mid Spring,Routinely Available,Low,Summer,Fall,Yes,Yes,No,Yes,No,Yes,Yes,No,No,No,Slow,Low,No,None,28430
70665,Late Spring,Routinely Available,Medium,Fall,Winter,Yes,Yes,No,Yes,No,No,Yes,No,No,No,Slow,High,No,None,30
70684,Late Spring,Routinely Available,Low,Fall,Fall,No,Yes,No,Yes,No,Yes,Yes,No,No,No,Slow,High,No,None,40
15261,Late Spring,Routinely Available,Medium,Summer,Fall,Yes,Yes,No,Yes,No,Yes,Yes,No,No,No,Rapid,Low,No,None,43600
70557,Mid Spring,Routinely Available,Medium,Summer,Fall,No,Yes,No,Yes,No,Yes,Yes,No,No,No,Moderate,High,No,Moderate,82080
71551,Mid Spring,Routinely Available,High,Summer,Summer,No,Yes,No,Yes,No,Yes,Yes,No,No,No,Slow,Medium,No,None,14000
71553,Mid Spring,Routinely Available,Medium,Spring,Summer,No,Yes,No,Yes,No,No,Yes,No,No,No,Slow,High,No,None,5450
70892,Early Spring,Routinely Available,High,Spring,Summer,No,Yes,No,Yes,No,Yes,Yes,No,No,No,Slow,High,No,None,344667
75248,Late Spring,Routinely Available,Medium,Summer,Fall,No,Yes,No,Yes,No,Yes,Yes,No,No,No,Slow,Medium,No,None,3360
65298,Early Summer,Routinely Available,Medium,Summer,Fall,Yes,Yes,No,Yes,No,No,Yes,No,No,No,Slow,Low,No,None,3675000
15448,Mid Spring,Routinely Available,High,Summer,Fall,No,Yes,No,Yes,No,No,Yes,No,No,No,Moderate,High,No,None,48000
15545,Mid Spring,Routinely Available,Medium,Summer,Fall,Yes,Yes,No,Yes,No,No,Yes,No,No,No,Slow,Medium,No,None,34200
15556,Spring,Routinely Available,High,Summer,Fall,Yes,Yes,No,Yes,No,No,Yes,No,No,No,Slow,High,No,None,62080
15568,Late Spring,Routinely Available,Medium,Summer,Fall,Yes,Yes,No,Yes,No,Yes,Yes,No,No,No,Slow,Medium,No,None,27040
15576,Mid Spring,Routinely Available,High,Summer,Fall,No,Yes,No,Yes,No,Yes,Yes,No,No,No,Moderate,High,No,None,18400
15586,Mid Spring,Routinely Available,High,Summer,Fall,Yes,Yes,No,Yes,No,Yes,Yes,No,No,No,Rapid,High,No,None,52160
70568,Spring,Routinely Available,Medium,Summer,Fall,Yes,Yes,No,Yes,No,Yes,Yes,No,No,No,Moderate,Medium,No,Slow,192000
67422,Spring,Routinely Available,High,Spring,Summer,No,Yes,No,Yes,No,Yes,Yes,No,No,No,Slow,Low,No,Slow,425000
67466,Mid Spring,Routinely Available,High,Spring,Spring,No,Yes,No,Yes,No,No,Yes,No,No,No,Moderate,Medium,No,Slow,3000000
67496,Mid Spring,Routinely Available,High,Spring,Summer,No,Yes,No,Yes,No,Yes,Yes,No,No,No,Moderate,Low,No,Moderate,3248000
90650,Late Spring,Routinely Available,High,Summer,Summer,No,Yes,No,Yes,No,No,Yes,No,No,No,Rapid,High,No,None,4800
70172,Mid Spring,Routinely Available,High,Summer,Fall,No,Yes,No,Yes,No,No,Yes,No,No,No,Slow,High,No,None,128
70193,Early Spring,Routinely Available,Medium,Summer,Fall,No,Yes,No,Yes,No,No,Yes,No,No,No,Slow,High,No,None,120
70219,Mid Spring,No Known Source,Medium,Summer,Fall,No,Yes,No,Yes,No,No,Yes,No,No,No,Slow,High,No,None,235
70250,Mid Spring,Routinely Available,Medium,Summer,Fall,No,Yes,No,Yes,No,Yes,Yes,No,No,No,Slow,Low,No,None,540
70379,Mid Spring,Routinely Available,Medium,Summer,Fall,No,Yes,No,Yes,No,No,Yes,No,No,No,Slow,Medium,No,Slow,85
70412,Spring,Routinely Available,Medium,Summer,Fall,No,Yes,No,Yes,No,No,Yes,No,No,No,Slow,High,No,None,410
70432,Mid Spring,Routinely Available,High,Summer,Fall,No,Yes,No,Yes,No,No,Yes,No,No,No,Slow,Medium,No,None,462
70387,Mid Spring,Routinely Available,Medium,Spring,Fall,No,Yes,No,Yes,No,No,Yes,No,No,No,Slow,Medium,No,None,100
70448,Mid Spring,Routinely Available,Medium,Summer,Fall,No,Yes,No,Yes,No,No,Yes,No,No,No,Slow,Medium,No,None,125
70488,Early Spring,Routinely Available,Medium,Summer,Fall,No,Yes,No,Yes,No,No,Yes,No,No,No,Slow,Medium,No,None,380
70523,Early Spring,Routinely Available,High,Spring,Fall,No,Yes,No,Yes,No,No,Yes,No,No,No,Slow,Medium,No,None,245
82163,Spring,Routinely Available,Medium,Spring,Summer,Yes,Yes,No,Yes,No,Yes,Yes,No,No,No,Moderate,High,No,Slow,24000
68068,Early Spring,Routinely Available,High,Spring,Summer,No,Yes,No,Yes,No,Yes,No,No,No,No,Slow,Low,No,Slow,2500000
71455,Late Spring,Routinely Available,Medium,Summer,Summer,No,Yes,No,Yes,No,No,Yes,No,Yes,No,Slow,Low,No,Moderate,5000
66729,Late Spring,Routinely Available,High,Summer,Fall,No,Yes,No,Yes,No,No,Yes,No,No,No,Moderate,Medium,No,Slow,4765
15604,Mid Spring,Routinely Available,High,Summer,Fall,No,Yes,No,Yes,No,Yes,Yes,No,No,No,Slow,Medium,No,None,187200
70987,Early Spring,Routinely Available,High,Spring,Spring,No,Yes,No,Yes,No,Yes,Yes,No,No,No,Rapid,Medium,No,Slow,70900
71006,Late Winter,Routinely Available,High,Spring,Spring,No,Yes,No,Yes,No,No,Yes,No,No,No,Moderate,High,No,None,41000
69928,Spring,Routinely Available,Low,Summer,Summer,No,Yes,No,Yes,No,No,Yes,No,No,No,Moderate,Low,No,Slow,400000
76871,Late Spring,Routinely Available,High,Summer,Fall,No,Yes,No,Yes,No,Yes,Yes,No,No,No,Rapid,Medium,No,None,77000
88768,Mid Spring,Routinely Available,Medium,Summer,Fall,Yes,Yes,No,Yes,No,No,Yes,No,No,No,Slow,Low,No,Moderate,256000
88782,Spring,,,Summer,Fall,No,No,No,No,No,Yes,No,No,No,No,Moderate,Medium,No,,256000
71330,,,,,,,,,,,,,,,,,,,,
49863,,,,,,,,,,,,,,,,,,,,
87033,Late Spring,Routinely Available,Low,Summer,Fall,Yes,Yes,No,Yes,No,No,Yes,No,No,No,Slow,Low,No,Slow,112000
47594,Summer,Routinely Available,Medium,Fall,Fall,Yes,Yes,No,Yes,No,Yes,Yes,No,No,No,Moderate,High,No,None,134000
64788,Summer,Routinely Available,Low,Summer,Fall,No,Yes,No,Yes,No,No,Yes,No,No,No,Slow,Low,No,Slow,
75152,Early Spring,Routinely Available,Low,Spring,Summer,No,Yes,No,Yes,No,Yes,Yes,No,No,No,Slow,Medium,No,Slow,12200
75196,Late Spring,Routinely Available,Medium,Spring,Fall,No,Yes,No,Yes,No,No,Yes,No,No,No,Slow,Medium,No,Slow,13000
70074,Spring,Routinely Available,Low,Summer,Fall,No,Yes,No,Yes,No,No,Yes,No,No,No,Slow,High,No,None,491
70081,Early Spring,Routinely Available,Low,Summer,Fall,No,Yes,No,Yes,No,No,Yes,No,No,No,Slow,High,No,Slow,549
42692,Late Spring,No Known Source,Low,Summer,Summer,Yes,Yes,No,Yes,No,No,Yes,No,No,No,Slow,Medium,No,None,
65141,Early Spring,Routinely Available,Medium,Fall,Fall,No,Yes,No,Yes,No,No,Yes,No,No,No,Moderate,Medium,No,Slow,
68275,Mid Spring,Routinely Available,Medium,Spring,Spring,No,Yes,No,Yes,No,Yes,Yes,No,No,No,Moderate,Medium,No,None,
75018,Late Spring,Routinely Available,Medium,Summer,Fall,Yes,Yes,No,Yes,No,Yes,Yes,No,No,No,Slow,Medium,No,,35100
87257,Late Spring,,,Summer,Fall,No,No,No,No,No,Yes,No,No,No,No,Rapid,,No,,
65159,Spring,No Known Source,Low,Summer,Fall,Yes,Yes,No,Yes,No,Yes,Yes,No,No,No,Slow,Low,No,Moderate,3855000
65162,Late Spring,No Known Source,Medium,Summer,Summer,Yes,Yes,No,Yes,No,No,Yes,No,No,No,Slow,Low,No,Slow,354000
70550,Fall,Routinely Available,Low,Spring,Summer,Yes,Yes,No,Yes,No,No,Yes,No,No,No,Slow,High,No,None,11000
88398,,,,,,,,,,,,,,,,,,,,
68451,Late Spring,Routinely Available,Medium,Spring,Summer,Yes,Yes,No,Yes,No,No,No,No,No,No,Slow,Low,No,None,
68521,Late Spring,No Known Source,Medium,Summer,Summer,No,No,No,No,No,No,No,No,Yes,No,Moderate,Medium,No,None,
74925,Spring,Routinely Available,High,Summer,Fall,Yes,Yes,No,Yes,No,No,Yes,No,No,No,Rapid,High,No,Moderate,
74928,Spring,Routinely Available,Medium,Summer,Fall,Yes,Yes,No,Yes,No,No,Yes,No,No,No,Slow,Low,No,None,29000
74975,Late Spring,Routinely Available,High,Summer,Fall,Yes,Yes,No,Yes,No,Yes,Yes,No,No,No,Slow,Low,No,None,92000
88116,Mid Spring,Routinely Available,Low,Summer,Fall,No,Yes,No,Yes,No,No,Yes,No,No,No,Slow,Medium,No,Slow,
65203,Mid Spring,Routinely Available,Low,Spring,Summer,No,Yes,No,Yes,No,Yes,Yes,No,No,No,Slow,Low,No,None,15000000
65252,Mid Spring,Routinely Available,Medium,Summer,Summer,Yes,Yes,No,Yes,No,Yes,No,No,No,No,None,,No,None,
71391,Mid Spring,Routinely Available,Low,Summer,Fall,No,Yes,No,Yes,No,No,Yes,No,No,No,Slow,Medium,No,None,4500
70717,Spring,Routinely Available,High,Summer,Fall,Yes,Yes,No,Yes,No,No,Yes,No,No,No,Moderate,Medium,No,Slow,84000
70735,Late Spring,Routinely Available,High,Summer,Fall,Yes,Yes,No,Yes,No,Yes,Yes,No,No,No,Slow,Low,No,Slow,55000
88445,,,,,,,,,,,,,,,,,,,,
90185,Late Spring,Routinely Available,High,Summer,Fall,Yes,Yes,No,Yes,No,Yes,Yes,No,No,No,Slow,Low,No,None,1045000
65308,,,,,,,,,,,,,,,,,,,,
65346,,,,,,,,,,,,,,,,,,,,
65369,Mid Spring,Routinely Available,Low,Spring,Summer,No,Yes,No,Yes,No,Yes,Yes,No,No,No,Slow,Low,No,None,5000000
65380,Mid Spring,Contracting Only,Low,Spring,Summer,No,Yes,No,Yes,No,Yes,Yes,No,No,No,Slow,Low,No,None,
65385,,,,,,,,,,,,,,,,,,,,
65397,Indeterminate,Routinely Available,Medium,Summer,Fall,Yes,Yes,No,Yes,No,No,Yes,No,No,No,Slow,Medium,No,None,
92934,,,,,,,,,,,,,,,,,,,,
92952,Mid Spring,Routinely Available,High,Summer,Fall,Yes,Yes,No,Yes,No,No,Yes,No,No,No,Slow,High,No,Rapid,57000
92963,Mid Spring,Routinely Available,High,Summer,Fall,Yes,Yes,No,Yes,No,No,Yes,No,No,No,Slow,High,No,Moderate,59775
88312,,,,,,,,,,,,,,,,,,,,
82146,,,,,,,,,,,,,,,,,,,,
90793,Early Summer,No Known Source,Low,Summer,Fall,Yes,Yes,No,Yes,No,No,Yes,No,No,No,Moderate,High,No,Moderate,50000
90894,Spring,Routinely Available,Medium,Summer,Summer,Yes,Yes,No,Yes,No,No,Yes,No,No,No,Slow,Medium,No,Slow,
90954,Late Spring,No Known Source,High,Summer,Summer,Yes,Yes,No,Yes,No,No,Yes,No,No,No,Slow,Medium,No,Slow,
91009,Mid Spring,No Known Source,High,Summer,Summer,No,Yes,No,Yes,No,No,Yes,No,Yes,No,Slow,Medium,No,Rapid,262000
91167,Late Spring,Routinely Available,High,Summer,Fall,No,Yes,No,Yes,No,Yes,Yes,No,Yes,No,Rapid,High,No,Rapid,170000
91250,Spring,Routinely Available,Low,Spring,Summer,Yes,Yes,No,Yes,No,Yes,Yes,No,Yes,No,Moderate,Low,No,Moderate,
91407,Mid Spring,Routinely Available,High,Summer,Summer,No,Yes,No,Yes,No,No,Yes,No,Yes,No,Slow,Medium,No,Rapid,335000
91409,Late Spring,No Known Source,Medium,Summer,Summer,No,Yes,No,Yes,No,No,Yes,No,Yes,No,Slow,Low,No,Moderate,493000
67871,Spring,No Known Source,Low,Summer,Summer,No,Yes,No,Yes,No,Yes,No,No,No,No,Slow,Low,No,Slow,
42834,Spring,Routinely Available,High,Spring,Summer,Yes,Yes,No,Yes,No,No,Yes,No,No,No,Moderate,High,No,None,291590
42863,,,,,,,,,,,,,,,,,,,,
91786,Late Spring,Routinely Available,Medium,Summer,Summer,No,Yes,No,Yes,No,No,Yes,No,No,No,Slow,Low,No,None,1000000
42905,Mid Spring,Routinely Available,High,Summer,Fall,Yes,Yes,No,Yes,No,No,Yes,No,No,No,Slow,Medium,No,Moderate,139500
65417,Early Summer,Routinely Available,,Summer,Summer,No,Yes,No,Yes,No,Yes,Yes,No,No,No,Slow,Low,No,Moderate,1972000
65446,Early Summer,Routinely Available,Medium,Summer,Summer,No,Yes,No,Yes,No,Yes,Yes,No,No,No,Slow,Low,No,None,975000
42933,Indeterminate,No Known Source,Medium,Summer,Fall,No,Yes,No,Yes,No,No,Yes,No,No,No,Slow,Low,No,None,13100
42949,,,,,,,,,,,,,,,,,,,,
42980,Late Spring,Routinely Available,Medium,Summer,Fall,Yes,Yes,No,Yes,No,Yes,Yes,No,No,No,Slow,Low,No,Moderate,11500
42987,,,,,,,,,,,,,,,,,,,,
42988,Early Summer,Routinely Available,Medium,Summer,Fall,No,Yes,No,Yes,No,No,Yes,No,No,No,Slow,Low,No,None,27600
43016,Spring,Routinely Available,Medium,Summer,Fall,Yes,Yes,No,Yes,No,No,Yes,No,No,No,Slow,Low,No,None,4800
73676,,,,,,,,,,,,,,,,,,,,
92842,Late Spring,No Known Source,Medium,Summer,Fall,No,Yes,No,Yes,No,No,Yes,No,No,No,Slow,Low,No,None,11360
92875,Spring,No Known Source,High,Summer,Fall,Yes,Yes,No,Yes,No,No,Yes,No,No,No,Moderate,Medium,No,None,22720
69903,Spring,Routinely Available,Low,Spring,Summer,No,Yes,No,Yes,No,No,Yes,No,No,No,Slow,Low,No,Slow,1084250
88664,Mid Spring,Contracting Only,Medium,Spring,Summer,No,Yes,No,Yes,No,Yes,Yes,No,No,No,Moderate,Low,No,None,79832
88673,Mid Spring,Routinely Available,High,Summer,Fall,No,Yes,No,Yes,No,No,Yes,No,No,No,Slow,High,No,Moderate,95708
88685,Early Spring,No Known Source,High,Spring,Summer,No,Yes,No,Yes,No,No,Yes,No,No,No,Slow,Low,No,None,84000
74685,Early Summer,Routinely Available,High,Summer,Fall,Yes,Yes,No,Yes,No,No,Yes,No,No,No,Slow,Medium,No,None,131000
71503,Mid Spring,Routinely Available,Medium,Spring,Summer,Yes,Yes,No,Yes,No,No,Yes,No,No,No,Slow,Medium,No,None,697
70066,Mid Spring,Routinely Available,Medium,Summer,Fall,No,Yes,No,Yes,No,No,Yes,No,No,No,Slow,Low,No,None,35000
70117,Spring,Routinely Available,Low,Summer,Fall,No,Yes,No,Yes,No,No,Yes,No,No,No,Slow,High,No,None,250
70928,Early Spring,Routinely Available,High,Summer,Fall,Yes,Yes,No,Yes,No,Yes,Yes,No,No,No,Slow,Medium,No,None,2200
78328,Spring,Routinely Available,Medium,Spring,Summer,Yes,Yes,No,Yes,No,Yes,Yes,No,No,No,Moderate,Medium,No,None,18000
49693,Mid Spring,No Known Source,High,Summer,Summer,No,Yes,No,Yes,No,No,Yes,No,No,No,Slow,High,No,None,1800
75150,Mid Spring,No Known Source,Medium,Summer,Fall,Yes,Yes,No,Yes,No,Yes,Yes,No,No,No,Slow,Low,No,None,8000
75171,Early Spring,Routinely Available,Medium,Spring,Fall,Yes,Yes,No,Yes,No,Yes,Yes,No,No,No,Slow,Medium,No,None,4480
75174,Mid Spring,Routinely Available,Medium,Summer,Fall,Yes,Yes,No,Yes,No,No,Yes,No,No,No,Moderate,Medium,No,Moderate,12000
89092,Late Spring,Routinely Available,High,Summer,Fall,Yes,Yes,No,Yes,No,No,Yes,No,No,No,Moderate,Medium,No,None,5000
89186,,,,,,,,,,,,,,,,,,,,
89404,Mid Spring,Routinely Available,Medium,Summer,Fall,Yes,Yes,No,Yes,No,No,Yes,No,No,No,Slow,Medium,No,None,29800
89605,Early Spring,Routinely Available,Medium,Spring,Fall,Yes,Yes,No,Yes,No,No,Yes,No,No,No,Slow,Low,No,None,20000
75020,Late Spring,,Medium,Fall,Fall,No,No,No,No,No,Yes,No,No,No,No,Slow,Low,No,,11500
74982,Mid Spring,Routinely Available,Medium,,,Yes,Yes,No,Yes,No,No,Yes,No,No,No,Slow,Low,No,None,37800
71577,Spring,Contracting Only,Medium,Summer,Summer,Yes,Yes,No,Yes,No,No,Yes,No,No,No,Slow,High,No,None,
71581,Summer,Routinely Available,Medium,Summer,Winter,No,Yes,No,Yes,No,Yes,Yes,No,No,No,Slow,Low,No,None,7530
70102,Mid Spring,Routinely Available,Low,Summer,Summer,No,Yes,No,Yes,No,No,Yes,No,No,No,Slow,Medium,No,None,30000
90536,Mid Spring,Routinely Available,Medium,Summer,Fall,Yes,Yes,No,Yes,No,No,Yes,No,No,No,Slow,High,No,None,870
90538,Early Spring,Routinely Available,Medium,Summer,Summer,No,Yes,No,Yes,No,No,Yes,No,No,No,Slow,High,No,Slow,1030
90621,Mid Spring,Routinely Available,High,Summer,Summer,No,Yes,No,Yes,No,Yes,Yes,No,No,No,Rapid,Low,No,None,14200
90686,Mid Spring,Routinely Available,High,Summer,Summer,Yes,Yes,No,Yes,No,No,Yes,No,No,No,Slow,Medium,No,Moderate,4971
70314,,,,,,,,,,,,,,,,,,,,
70367,Mid Spring,Routinely Available,Medium,Fall,Fall,No,Yes,No,Yes,No,No,Yes,No,No,No,Slow,Medium,No,None,700
91750,Early Summer,Routinely Available,High,Summer,Fall,Yes,Yes,No,Yes,No,No,Yes,No,No,No,Slow,Medium,No,None,160000
90051,,,,,,,,,,,,,,,,,,,,
15299,Mid Spring,Routinely Available,Medium,Summer,Fall,Yes,Yes,No,Yes,No,Yes,Yes,No,No,No,Moderate,Medium,No,None,345600
70952,,,,,,,,,,,,,,,,,,,,
76939,Late Spring,Routinely Available,Medium,Summer,Summer,No,No,No,No,No,No,Yes,No,No,Yes,Slow,Medium,No,None,
71241,,,,,,,,,,,,,,,,,,,,
49180,,,,,,,,,,,,,,,,,,,,
49184,Summer,Routinely Available,High,Summer,Fall,Yes,Yes,No,Yes,No,Yes,Yes,No,No,No,Slow,High,No,Moderate,136000
75002,Spring,Routinely Available,High,Summer,Fall,No,Yes,No,Yes,No,No,Yes,No,No,No,Moderate,Medium,No,Rapid,26080
72862,,,,,,,,,,,,,,,,,,,,
72874,Mid Summer,No Known Source,Low,Summer,Fall,Yes,Yes,No,Yes,No,Yes,Yes,No,No,No,Slow,Low,No,Slow,192000
27319,,,,,,,,,,,,,,,,,,,,
42803,Late Summer,No Known Source,Medium,Summer,Fall,Yes,Yes,No,Yes,No,No,Yes,No,No,No,Slow,Medium,No,Slow,
38109,Summer,Routinely Available,High,Summer,Fall,No,Yes,No,Yes,No,No,Yes,No,No,No,Moderate,High,No,None,
87444,Late Spring,Routinely Available,Low,Spring,Fall,No,Yes,No,Yes,No,No,Yes,No,No,No,Moderate,Medium,No,Rapid,18367
69379,,,,,,,,,,,,,,,,,,,,
69382,Summer,No Known Source,Low,Fall,Fall,No,Yes,No,Yes,No,No,Yes,No,No,No,Slow,Medium,No,None,
61548,Late Spring,Routinely Available,Medium,Spring,Fall,No,No,No,No,No,No,Yes,No,No,No,Moderate,Medium,No,None,125000
87511,,,,,,,,,,,,,,,,,,,,
87526,Late Spring,Routinely Available,High,Summer,Fall,No,Yes,No,Yes,No,Yes,Yes,No,No,No,Slow,Low,No,Moderate,14500
87550,Late Spring,Contracting Only,Medium,Summer,Fall,No,Yes,No,Yes,No,Yes,Yes,No,No,No,Slow,Low,No,Moderate,14400
